#
# There is insufficient memory for the Java Runtime Environment to continue.
# Native memory allocation (mmap) failed to map 2674688 bytes. Error detail: G1 virtual space
# Possible reasons:
#   The system is out of physical RAM or swap space
#   This process is running with CompressedOops enabled, and the Java Heap may be blocking the growth of the native heap
# Possible solutions:
#   Reduce memory load on the system
#   Increase physical memory or swap space
#   Check if swap backing store is full
#   Decrease Java heap size (-Xmx/-Xms)
#   Decrease number of Java threads
#   Decrease Java thread stack sizes (-Xss)
#   Set larger code cache with -XX:ReservedCodeCacheSize=
#   JVM is running with Zero Based Compressed Oops mode in which the Java heap is
#     placed in the first 32GB address space. The Java Heap base address is the
#     maximum limit for the native heap growth. Please use -XX:HeapBaseMinAddress
#     to set the Java Heap base and to place the Java Heap above 32GB virtual address.
# This output file may be truncated or incomplete.
#
#  Out of Memory Error (os_windows.cpp:3710), pid=7960, tid=17028
#
# JRE version: OpenJDK Runtime Environment Microsoft-11369865 (17.0.15+6) (build 17.0.15+6-LTS)
# Java VM: OpenJDK 64-Bit Server VM Microsoft-11369865 (17.0.15+6-LTS, mixed mode, sharing, tiered, compressed oops, compressed class ptrs, g1 gc, windows-amd64)
# No core dump will be written. Minidumps are not enabled by default on client versions of Windows
#

---------------  S U M M A R Y ------------

Command Line: --add-opens=java.base/java.lang=ALL-UNNAMED --add-opens=java.base/java.lang.invoke=ALL-UNNAMED --add-opens=java.base/java.util=ALL-UNNAMED --add-opens=java.prefs/java.util.prefs=ALL-UNNAMED --add-exports=jdk.compiler/com.sun.tools.javac.api=ALL-UNNAMED --add-exports=jdk.compiler/com.sun.tools.javac.util=ALL-UNNAMED --add-opens=java.base/java.util=ALL-UNNAMED --add-opens=java.prefs/java.util.prefs=ALL-UNNAMED --add-opens=java.base/java.nio.charset=ALL-UNNAMED --add-opens=java.base/java.net=ALL-UNNAMED --add-opens=java.base/java.util.concurrent.atomic=ALL-UNNAMED --add-opens=java.xml/javax.xml.namespace=ALL-UNNAMED -XX:MaxMetaspaceSize=1024m -XX:+HeapDumpOnOutOfMemoryError -Xmx4096m -Dfile.encoding=UTF-8 -Duser.country=US -Duser.language=en -Duser.variant -javaagent:C:\Users\bishw\.gradle\wrapper\dists\gradle-8.13-bin\5xuhj0ry160q40clulazy9h7d\gradle-8.13\lib\agents\gradle-instrumentation-agent-8.13.jar org.gradle.launcher.daemon.bootstrap.GradleDaemon 8.13

Host: 12th Gen Intel(R) Core(TM) i5-12450H, 12 cores, 7G,  Windows 11 , 64 bit Build 26100 (10.0.26100.9168)
Time: Sat Aug 15 20:13:42 2026 India Standard Time elapsed time: 7863.010570 seconds (0d 2h 11m 3s)

---------------  T H R E A D  ---------------

Current thread (0x00000217acf3fb50):  VMThread "VM Thread" [stack: 0x00000067a6700000,0x00000067a6800000] [id=17028]

Stack: [0x00000067a6700000,0x00000067a6800000]
Native frames: (J=compiled Java code, j=interpreted, Vv=VM code, C=native code)
V  [jvm.dll+0x6887a9]
V  [jvm.dll+0x83f5a8]
V  [jvm.dll+0x841053]
V  [jvm.dll+0x8416c3]
V  [jvm.dll+0x2496ef]
V  [jvm.dll+0x6856e9]
V  [jvm.dll+0x679b7a]
V  [jvm.dll+0x30b0d7]
V  [jvm.dll+0x312646]
V  [jvm.dll+0x36305b]
V  [jvm.dll+0x36324d]
V  [jvm.dll+0x2e236c]
V  [jvm.dll+0x2e0719]
V  [jvm.dll+0x2dfe7c]
V  [jvm.dll+0x322a2b]
V  [jvm.dll+0x845efd]
V  [jvm.dll+0x846c33]
V  [jvm.dll+0x84715f]
V  [jvm.dll+0x847544]
V  [jvm.dll+0x84760e]
V  [jvm.dll+0x7ef2dc]
V  [jvm.dll+0x687687]
C  [ucrtbase.dll+0x2cd30]
C  [KERNEL32.DLL+0x2ccb7]
C  [ntdll.dll+0xaad6c]

VM_Operation (0x00000067a82f9ee0): G1CollectForAllocation, mode: safepoint, requested by thread 0x00000217e6765c60


---------------  P R O C E S S  ---------------

Threads class SMR info:
_java_thread_list=0x00000217f5d9fdf0, length=199, elements={
0x0000021789a3f0e0, 0x00000217acf48e70, 0x00000217acf4a4b0, 0x00000217acf60960,
0x00000217acf61230, 0x00000217acf61b00, 0x00000217acf623d0, 0x00000217acf63fe0,
0x00000217acf68b50, 0x00000217acf6ab40, 0x00000217acf30640, 0x00000217e6271810,
0x00000217e6037730, 0x00000217e63f94d0, 0x00000217e78b7fb0, 0x00000217e6765c60,
0x00000217e6766170, 0x00000217e6766680, 0x00000217e8fda900, 0x00000217e8fda3f0,
0x00000217e8fdc760, 0x00000217e8fdcc70, 0x00000217e6d696a0, 0x00000217ec4ce670,
0x00000217ec4ce160, 0x00000217e9f16390, 0x00000217e9f177d0, 0x00000217e9f14020,
0x00000217e9f18c10, 0x00000217e9f1aa70, 0x00000217ece2f780, 0x00000217ece32a20,
0x00000217ece32000, 0x00000217ece2f270, 0x00000217f3eef630, 0x00000217e95f4490,
0x00000217e8fdb320, 0x00000217ecc21110, 0x00000217fc5eab50, 0x00000217fc5e78b0,
0x00000217fc5e87e0, 0x00000217fc5e8cf0, 0x00000217fc5e82d0, 0x00000217fc5eb060,
0x00000217fc5eb570, 0x00000217fc5e7dc0, 0x00000217fc5ebf90, 0x00000217fc5eba80,
0x00000217fc5ec4a0, 0x00000217fc5ecec0, 0x00000217fc5ec9b0, 0x00000217fc5e9710,
0x00000217fc5ed3d0, 0x00000217fc5e9c20, 0x00000217fc5f0670, 0x00000217fc5ef740,
0x00000217fc5f0b80, 0x00000217fc5f1090, 0x00000217fc5ef230, 0x00000217fc5ee810,
0x00000217fc5efc50, 0x00000217fc5ee300, 0x00000217fc5ed8e0, 0x00000217fc5eddf0,
0x00000217fc5f1fc0, 0x00000217fc5f0160, 0x00000217fc5f15a0, 0x00000217fc5f1ab0,
0x00000217fc5f24d0, 0x00000217fc5eed20, 0x00000217fc5f5260, 0x00000217fc5f5c80,
0x00000217fc5f6190, 0x00000217fc5f4840, 0x00000217fc5f4d50, 0x00000217fc5f5770,
0x00000217fc5f4330, 0x00000217fc5f29e0, 0x00000217fc5f66a0, 0x00000217fc5f2ef0,
0x00000217fc5f6bb0, 0x00000217fc5f3400, 0x00000217fc5f70c0, 0x00000217fc5f3910,
0x00000217fc5f3e20, 0x00000217f3ef0a70, 0x00000217f3eeec10, 0x00000217f3eef120,
0x00000217f3ef4220, 0x00000217f3ef4730, 0x00000217f3ef4c40, 0x00000217f3ef1490,
0x00000217f3ef5150, 0x00000217f3ef19a0, 0x00000217f3ef5660, 0x00000217f3ef5b70,
0x00000217f3ef8e10, 0x00000217f3ef83f0, 0x00000217f3ef6aa0, 0x00000217f3ef9320,
0x00000217f3ef9830, 0x00000217f3ef6080, 0x00000217f3ef9d40, 0x00000217f3ef6590,
0x00000217f3efa250, 0x00000217f3efa760, 0x00000217f3ef6fb0, 0x00000217f3efac70,
0x00000217f3ef8900, 0x00000217f3ef74c0, 0x00000217f3efb180, 0x00000217f3ef79d0,
0x00000217f3efb690, 0x00000217f3ef7ee0, 0x00000217f3efbba0, 0x00000217f3efe420,
0x00000217f3efc0b0, 0x00000217f3efc5c0, 0x00000217f3efcad0, 0x00000217f3efd4f0,
0x00000217f3efda00, 0x00000217f3efdf10, 0x00000217e8b565b0, 0x00000217e8b55680,
0x00000217e8b56ac0, 0x00000217e8b54750, 0x00000217e8b53d30, 0x00000217e8b55b90,
0x00000217e8b53820, 0x00000217e8b560a0, 0x00000217e8b53310, 0x00000217e8b56fd0,
0x00000217e8b574e0, 0x00000217e8b579f0, 0x00000217e8b54240, 0x00000217e8b58410,
0x00000217e8b59d60, 0x00000217e8b57f00, 0x00000217e8b5a780, 0x00000217e8b5b1a0,
0x00000217e8b58920, 0x00000217e8b5ac90, 0x00000217e8b5a270, 0x00000217e8b5b6b0,
0x00000217e8b5c0d0, 0x00000217e8b58e30, 0x00000217e8b59850, 0x00000217e8b59340,
0x00000217e8b616e0, 0x00000217e8b5e950, 0x00000217e8b5df30, 0x00000217e8b61bf0,
0x00000217e8b5e440, 0x00000217ecc243b0, 0x00000217ecc22f70, 0x00000217ecc248c0,
0x00000217ecc22040, 0x00000217ecc21620, 0x00000217ecc24dd0, 0x00000217ecc23480,
0x00000217ecc23990, 0x00000217ecc23ea0, 0x00000217ecc252e0, 0x00000217ecc21b30,
0x00000217ecc257f0, 0x00000217ecc22550, 0x00000217ecc25d00, 0x00000217ecc22a60,
0x00000217ecc28a90, 0x00000217ecc26720, 0x00000217ecc26210, 0x00000217ecc26c30,
0x00000217ecc27b60, 0x00000217ecc28070, 0x00000217ecc27140, 0x00000217ecc27650,
0x00000217ecc28580, 0x00000217ec4cc810, 0x00000217ec4cb8e0, 0x00000217ec4cb3d0,
0x00000217ec4cbdf0, 0x00000217ec4ca4a0, 0x00000217ec4c9060, 0x00000217ec4ccd20,
0x00000217ec4cc300, 0x00000217ec4cd230, 0x00000217ec4c9a80, 0x00000217ec4cd740,
0x00000217ec4ca9b0, 0x00000217ec4c9f90, 0x00000217ec4caec0, 0x00000217ec4ceb80,
0x00000217ec4cf090, 0x00000217ec4cf5a0, 0x00000217ec4cfab0, 0x00000217ec4cffc0,
0x00000217ec4d04d0, 0x00000217ec4d09e0, 0x00000217e6d67d50
}

Java Threads: ( => current thread )
  0x0000021789a3f0e0 JavaThread "main" [_thread_blocked, id=13836, stack(0x00000067a6100000,0x00000067a6200000)]
  0x00000217acf48e70 JavaThread "Reference Handler" daemon [_thread_blocked, id=11428, stack(0x00000067a6800000,0x00000067a6900000)]
  0x00000217acf4a4b0 JavaThread "Finalizer" daemon [_thread_blocked, id=8300, stack(0x00000067a6900000,0x00000067a6a00000)]
  0x00000217acf60960 JavaThread "Signal Dispatcher" daemon [_thread_blocked, id=3232, stack(0x00000067a6a00000,0x00000067a6b00000)]
  0x00000217acf61230 JavaThread "Attach Listener" daemon [_thread_blocked, id=10000, stack(0x00000067a6b00000,0x00000067a6c00000)]
  0x00000217acf61b00 JavaThread "Service Thread" daemon [_thread_blocked, id=20548, stack(0x00000067a6c00000,0x00000067a6d00000)]
  0x00000217acf623d0 JavaThread "Monitor Deflation Thread" daemon [_thread_blocked, id=10508, stack(0x00000067a6d00000,0x00000067a6e00000)]
  0x00000217acf63fe0 JavaThread "C2 CompilerThread0" daemon [_thread_blocked, id=19476, stack(0x00000067a6e00000,0x00000067a6f00000)]
  0x00000217acf68b50 JavaThread "C1 CompilerThread0" daemon [_thread_blocked, id=9328, stack(0x00000067a6f00000,0x00000067a7000000)]
  0x00000217acf6ab40 JavaThread "Sweeper thread" daemon [_thread_blocked, id=1016, stack(0x00000067a7000000,0x00000067a7100000)]
  0x00000217acf30640 JavaThread "Common-Cleaner" daemon [_thread_blocked, id=11660, stack(0x00000067a7100000,0x00000067a7200000)]
  0x00000217e6271810 JavaThread "Notification Thread" daemon [_thread_blocked, id=12816, stack(0x00000067a7200000,0x00000067a7300000)]
  0x00000217e6037730 JavaThread "Daemon health stats" [_thread_blocked, id=9560, stack(0x00000067a7800000,0x00000067a7900000)]
  0x00000217e63f94d0 JavaThread "Incoming local TCP Connector on port 60908" [_thread_in_native, id=12404, stack(0x00000067a7900000,0x00000067a7a00000)]
  0x00000217e78b7fb0 JavaThread "Daemon periodic checks" [_thread_blocked, id=20352, stack(0x00000067a7a00000,0x00000067a7b00000)]
  0x00000217e6765c60 JavaThread "Cache worker for journal cache (C:\Users\bishw\.gradle\caches\journal-1)" [_thread_blocked, id=11968, stack(0x00000067a8200000,0x00000067a8300000)]
  0x00000217e6766170 JavaThread "File lock request listener" [_thread_in_native, id=15232, stack(0x00000067a8400000,0x00000067a8500000)]
  0x00000217e6766680 JavaThread "Cache worker for file hash cache (C:\Users\bishw\.gradle\caches\8.13\fileHashes)" [_thread_blocked, id=17164, stack(0x00000067a8500000,0x00000067a8600000)]
  0x00000217e8fda900 JavaThread "File watcher server" daemon [_thread_blocked, id=2108, stack(0x00000067a8f00000,0x00000067a9000000)]
  0x00000217e8fda3f0 JavaThread "File watcher consumer" daemon [_thread_blocked, id=10656, stack(0x00000067a9000000,0x00000067a9100000)]
  0x00000217e8fdc760 JavaThread "jar transforms" [_thread_blocked, id=10476, stack(0x00000067a8300000,0x00000067a8400000)]
  0x00000217e8fdcc70 JavaThread "Cache worker for file content cache (C:\Users\bishw\.gradle\caches\8.13\fileContent)" [_thread_blocked, id=20328, stack(0x00000067a9400000,0x00000067a9500000)]
  0x00000217e6d696a0 JavaThread "Memory manager" [_thread_blocked, id=14860, stack(0x00000067abf00000,0x00000067ac000000)]
  0x00000217ec4ce670 JavaThread "jar transforms Thread 2" [_thread_blocked, id=19724, stack(0x00000067b2500000,0x00000067b2600000)]
  0x00000217ec4ce160 JavaThread "jar transforms Thread 3" [_thread_blocked, id=12596, stack(0x00000067b2600000,0x00000067b2700000)]
  0x00000217e9f16390 JavaThread "jar transforms Thread 4" [_thread_blocked, id=21800, stack(0x00000067ac000000,0x00000067ac100000)]
  0x00000217e9f177d0 JavaThread "jar transforms Thread 5" [_thread_blocked, id=21812, stack(0x00000067b2f00000,0x00000067b3000000)]
  0x00000217e9f14020 JavaThread "jar transforms Thread 6" [_thread_blocked, id=21816, stack(0x00000067b3000000,0x00000067b3100000)]
  0x00000217e9f18c10 JavaThread "jar transforms Thread 7" [_thread_blocked, id=21940, stack(0x00000067b3300000,0x00000067b3400000)]
  0x00000217e9f1aa70 JavaThread "jar transforms Thread 8" [_thread_blocked, id=21944, stack(0x00000067b3400000,0x00000067b3500000)]
  0x00000217ece2f780 JavaThread "jar transforms Thread 9" [_thread_blocked, id=21976, stack(0x00000067b3500000,0x00000067b3600000)]
  0x00000217ece32a20 JavaThread "jar transforms Thread 10" [_thread_blocked, id=21980, stack(0x00000067b3600000,0x00000067b3700000)]
  0x00000217ece32000 JavaThread "jar transforms Thread 11" [_thread_blocked, id=21984, stack(0x00000067b3700000,0x00000067b3800000)]
  0x00000217ece2f270 JavaThread "jar transforms Thread 12" [_thread_blocked, id=21988, stack(0x00000067b3800000,0x00000067b3900000)]
  0x00000217f3eef630 JavaThread "pool-3-thread-1" [_thread_blocked, id=21892, stack(0x00000067a6000000,0x00000067a6100000)]
  0x00000217e95f4490 JavaThread "RMI Scheduler(0)" daemon [_thread_blocked, id=20936, stack(0x00000067adf00000,0x00000067ae000000)]
  0x00000217e8fdb320 JavaThread "RMI TCP Accept-0" daemon [_thread_in_native, id=17068, stack(0x00000067ae200000,0x00000067ae300000)]
  0x00000217ecc21110 JavaThread "pool-6-thread-1" [_thread_blocked, id=8940, stack(0x00000067b4b00000,0x00000067b4c00000)]
  0x00000217fc5eab50 JavaThread "Daemon Thread 3" [_thread_blocked, id=2748, stack(0x00000067a7b00000,0x00000067a7c00000)]
  0x00000217fc5e78b0 JavaThread "Handler for socket connection from /127.0.0.1:60908 to /127.0.0.1:60063" [_thread_in_native, id=9036, stack(0x00000067a7c00000,0x00000067a7d00000)]
  0x00000217fc5e87e0 JavaThread "Cancel handler" [_thread_blocked, id=19632, stack(0x00000067a7d00000,0x00000067a7e00000)]
  0x00000217fc5e8cf0 JavaThread "Daemon worker Thread 3" [_thread_blocked, id=392, stack(0x00000067a7e00000,0x00000067a7f00000)]
  0x00000217fc5e82d0 JavaThread "Asynchronous log dispatcher for DefaultDaemonConnection: socket connection from /127.0.0.1:60908 to /127.0.0.1:60063" [_thread_blocked, id=14452, stack(0x00000067a7f00000,0x00000067a8000000)]
  0x00000217fc5eb060 JavaThread "Stdin handler" [_thread_blocked, id=1868, stack(0x00000067a8000000,0x00000067a8100000)]
  0x00000217fc5eb570 JavaThread "Daemon client event forwarder" [_thread_blocked, id=19100, stack(0x00000067a8100000,0x00000067a8200000)]
  0x00000217fc5e7dc0 JavaThread "Cache worker for file hash cache (D:\BhojanQRMobile\android\.gradle\8.13\fileHashes)" [_thread_blocked, id=6924, stack(0x00000067a8b00000,0x00000067a8c00000)]
  0x00000217fc5ebf90 JavaThread "Cache worker for Build Output Cleanup Cache (D:\BhojanQRMobile\android\.gradle\buildOutputCleanup)" [_thread_blocked, id=18688, stack(0x00000067a8c00000,0x00000067a8d00000)]
  0x00000217fc5eba80 JavaThread "Cache worker for checksums cache (D:\BhojanQRMobile\android\.gradle\8.13\checksums)" [_thread_blocked, id=5788, stack(0x00000067a9100000,0x00000067a9200000)]
  0x00000217fc5ec4a0 JavaThread "Cache worker for cache directory md-supplier (C:\Users\bishw\.gradle\caches\8.13\md-supplier)" [_thread_blocked, id=14516, stack(0x00000067a9200000,0x00000067a9300000)]
  0x00000217fc5ecec0 JavaThread "Cache worker for cache directory md-rule (C:\Users\bishw\.gradle\caches\8.13\md-rule)" [_thread_blocked, id=12192, stack(0x00000067a9300000,0x00000067a9400000)]
  0x00000217fc5ec9b0 JavaThread "Cache worker for Build Output Cleanup Cache (D:\BhojanQRMobile\node_modules\@react-native\gradle-plugin\.gradle\buildOutputCleanup)" [_thread_blocked, id=22088, stack(0x00000067a9500000,0x00000067a9600000)]
  0x00000217fc5e9710 JavaThread "Unconstrained build operations" [_thread_blocked, id=18676, stack(0x00000067a9600000,0x00000067a9700000)]
  0x00000217fc5ed3d0 JavaThread "Unconstrained build operations Thread 2" [_thread_blocked, id=9444, stack(0x00000067a9700000,0x00000067a9800000)]
  0x00000217fc5e9c20 JavaThread "Unconstrained build operations Thread 3" [_thread_blocked, id=22124, stack(0x00000067a9800000,0x00000067a9900000)]
  0x00000217fc5f0670 JavaThread "Unconstrained build operations Thread 4" [_thread_blocked, id=15816, stack(0x00000067a9900000,0x00000067a9a00000)]
  0x00000217fc5ef740 JavaThread "Unconstrained build operations Thread 5" [_thread_blocked, id=18532, stack(0x00000067a9a00000,0x00000067a9b00000)]
  0x00000217fc5f0b80 JavaThread "Unconstrained build operations Thread 6" [_thread_blocked, id=5576, stack(0x00000067a9b00000,0x00000067a9c00000)]
  0x00000217fc5f1090 JavaThread "Unconstrained build operations Thread 7" [_thread_blocked, id=19312, stack(0x00000067a9c00000,0x00000067a9d00000)]
  0x00000217fc5ef230 JavaThread "Unconstrained build operations Thread 8" [_thread_blocked, id=10564, stack(0x00000067a9d00000,0x00000067a9e00000)]
  0x00000217fc5ee810 JavaThread "Unconstrained build operations Thread 9" [_thread_blocked, id=9112, stack(0x00000067a9e00000,0x00000067a9f00000)]
  0x00000217fc5efc50 JavaThread "Unconstrained build operations Thread 10" [_thread_blocked, id=12116, stack(0x00000067a9f00000,0x00000067aa000000)]
  0x00000217fc5ee300 JavaThread "Unconstrained build operations Thread 11" [_thread_blocked, id=18404, stack(0x00000067aa000000,0x00000067aa100000)]
  0x00000217fc5ed8e0 JavaThread "Unconstrained build operations Thread 12" [_thread_blocked, id=20144, stack(0x00000067aa100000,0x00000067aa200000)]
  0x00000217fc5eddf0 JavaThread "Unconstrained build operations Thread 13" [_thread_blocked, id=13944, stack(0x00000067aa200000,0x00000067aa300000)]
  0x00000217fc5f1fc0 JavaThread "Unconstrained build operations Thread 14" [_thread_blocked, id=19024, stack(0x00000067aa300000,0x00000067aa400000)]
  0x00000217fc5f0160 JavaThread "Unconstrained build operations Thread 15" [_thread_blocked, id=12132, stack(0x00000067aa400000,0x00000067aa500000)]
  0x00000217fc5f15a0 JavaThread "Unconstrained build operations Thread 16" [_thread_blocked, id=18104, stack(0x00000067aa500000,0x00000067aa600000)]
  0x00000217fc5f1ab0 JavaThread "Unconstrained build operations Thread 17" [_thread_blocked, id=11544, stack(0x00000067aa600000,0x00000067aa700000)]
  0x00000217fc5f24d0 JavaThread "Unconstrained build operations Thread 18" [_thread_blocked, id=21760, stack(0x00000067aa700000,0x00000067aa800000)]
  0x00000217fc5eed20 JavaThread "Unconstrained build operations Thread 19" [_thread_blocked, id=9820, stack(0x00000067aa800000,0x00000067aa900000)]
  0x00000217fc5f5260 JavaThread "Unconstrained build operations Thread 20" [_thread_blocked, id=21952, stack(0x00000067aa900000,0x00000067aaa00000)]
  0x00000217fc5f5c80 JavaThread "Unconstrained build operations Thread 21" [_thread_blocked, id=15592, stack(0x00000067aaa00000,0x00000067aab00000)]
  0x00000217fc5f6190 JavaThread "Unconstrained build operations Thread 22" [_thread_blocked, id=12280, stack(0x00000067aab00000,0x00000067aac00000)]
  0x00000217fc5f4840 JavaThread "Unconstrained build operations Thread 23" [_thread_blocked, id=7532, stack(0x00000067aac00000,0x00000067aad00000)]
  0x00000217fc5f4d50 JavaThread "Unconstrained build operations Thread 24" [_thread_blocked, id=20324, stack(0x00000067aad00000,0x00000067aae00000)]
  0x00000217fc5f5770 JavaThread "Unconstrained build operations Thread 25" [_thread_blocked, id=13440, stack(0x00000067aae00000,0x00000067aaf00000)]
  0x00000217fc5f4330 JavaThread "Unconstrained build operations Thread 26" [_thread_blocked, id=20756, stack(0x00000067aaf00000,0x00000067ab000000)]
  0x00000217fc5f29e0 JavaThread "build event listener" [_thread_blocked, id=9448, stack(0x00000067ab000000,0x00000067ab100000)]
  0x00000217fc5f66a0 JavaThread "ForkJoinPool.commonPool-worker-24" daemon [_thread_blocked, id=20136, stack(0x00000067ab100000,0x00000067ab200000)]
  0x00000217fc5f2ef0 JavaThread "ForkJoinPool.commonPool-worker-25" daemon [_thread_blocked, id=11720, stack(0x00000067ab200000,0x00000067ab300000)]
  0x00000217fc5f6bb0 JavaThread "ForkJoinPool.commonPool-worker-26" daemon [_thread_blocked, id=9576, stack(0x00000067ab300000,0x00000067ab400000)]
  0x00000217fc5f3400 JavaThread "ForkJoinPool.commonPool-worker-27" daemon [_thread_blocked, id=19192, stack(0x00000067ab400000,0x00000067ab500000)]
  0x00000217fc5f70c0 JavaThread "ForkJoinPool.commonPool-worker-28" daemon [_thread_blocked, id=15080, stack(0x00000067ab500000,0x00000067ab600000)]
  0x00000217fc5f3910 JavaThread "ForkJoinPool.commonPool-worker-29" daemon [_thread_blocked, id=15208, stack(0x00000067ab600000,0x00000067ab700000)]
  0x00000217fc5f3e20 JavaThread "ForkJoinPool.commonPool-worker-30" daemon [_thread_blocked, id=5352, stack(0x00000067ab700000,0x00000067ab800000)]
  0x00000217f3ef0a70 JavaThread "ForkJoinPool.commonPool-worker-31" daemon [_thread_blocked, id=16716, stack(0x00000067ab800000,0x00000067ab900000)]
  0x00000217f3eeec10 JavaThread "ForkJoinPool.commonPool-worker-32" daemon [_thread_blocked, id=3144, stack(0x00000067ab900000,0x00000067aba00000)]
  0x00000217f3eef120 JavaThread "included builds" [_thread_blocked, id=22416, stack(0x00000067aba00000,0x00000067abb00000)]
  0x00000217f3ef4220 JavaThread "Execution worker" [_thread_blocked, id=21744, stack(0x00000067abb00000,0x00000067abc00000)]
  0x00000217f3ef4730 JavaThread "Execution worker Thread 2" [_thread_blocked, id=19588, stack(0x00000067abc00000,0x00000067abd00000)]
  0x00000217f3ef4c40 JavaThread "Execution worker Thread 3" [_thread_blocked, id=19500, stack(0x00000067abd00000,0x00000067abe00000)]
  0x00000217f3ef1490 JavaThread "Execution worker Thread 4" [_thread_blocked, id=22220, stack(0x00000067abe00000,0x00000067abf00000)]
  0x00000217f3ef5150 JavaThread "Execution worker Thread 5" [_thread_blocked, id=19544, stack(0x00000067ac100000,0x00000067ac200000)]
  0x00000217f3ef19a0 JavaThread "Execution worker Thread 6" [_thread_blocked, id=15136, stack(0x00000067ac200000,0x00000067ac300000)]
  0x00000217f3ef5660 JavaThread "Execution worker Thread 7" [_thread_blocked, id=22072, stack(0x00000067ac300000,0x00000067ac400000)]
  0x00000217f3ef5b70 JavaThread "Execution worker Thread 8" [_thread_blocked, id=5140, stack(0x00000067ac400000,0x00000067ac500000)]
  0x00000217f3ef8e10 JavaThread "Execution worker Thread 9" [_thread_blocked, id=3580, stack(0x00000067ac500000,0x00000067ac600000)]
  0x00000217f3ef83f0 JavaThread "Execution worker Thread 10" [_thread_blocked, id=20216, stack(0x00000067ac600000,0x00000067ac700000)]
  0x00000217f3ef6aa0 JavaThread "Execution worker Thread 11" [_thread_blocked, id=3936, stack(0x00000067ac700000,0x00000067ac800000)]
  0x00000217f3ef9320 JavaThread "Cache worker for execution history cache (D:\BhojanQRMobile\node_modules\@react-native\gradle-plugin\.gradle\8.13\executionHistory)" [_thread_blocked, id=3444, stack(0x00000067ac800000,0x00000067ac900000)]
  0x00000217f3ef9830 JavaThread "Unconstrained build operations Thread 27" [_thread_blocked, id=10140, stack(0x00000067ac900000,0x00000067aca00000)]
  0x00000217f3ef6080 JavaThread "Unconstrained build operations Thread 28" [_thread_blocked, id=7552, stack(0x00000067aca00000,0x00000067acb00000)]
  0x00000217f3ef9d40 JavaThread "Unconstrained build operations Thread 29" [_thread_blocked, id=408, stack(0x00000067acb00000,0x00000067acc00000)]
  0x00000217f3ef6590 JavaThread "Unconstrained build operations Thread 30" [_thread_blocked, id=12500, stack(0x00000067acc00000,0x00000067acd00000)]
  0x00000217f3efa250 JavaThread "Unconstrained build operations Thread 31" [_thread_blocked, id=21032, stack(0x00000067acd00000,0x00000067ace00000)]
  0x00000217f3efa760 JavaThread "Unconstrained build operations Thread 32" [_thread_blocked, id=15184, stack(0x00000067ace00000,0x00000067acf00000)]
  0x00000217f3ef6fb0 JavaThread "Unconstrained build operations Thread 33" [_thread_blocked, id=3304, stack(0x00000067acf00000,0x00000067ad000000)]
  0x00000217f3efac70 JavaThread "Unconstrained build operations Thread 34" [_thread_blocked, id=7484, stack(0x00000067ad000000,0x00000067ad100000)]
  0x00000217f3ef8900 JavaThread "Unconstrained build operations Thread 35" [_thread_blocked, id=22468, stack(0x00000067ad100000,0x00000067ad200000)]
  0x00000217f3ef74c0 JavaThread "Unconstrained build operations Thread 36" [_thread_blocked, id=20704, stack(0x00000067ad200000,0x00000067ad300000)]
  0x00000217f3efb180 JavaThread "Unconstrained build operations Thread 37" [_thread_blocked, id=22236, stack(0x00000067ad300000,0x00000067ad400000)]
  0x00000217f3ef79d0 JavaThread "Unconstrained build operations Thread 38" [_thread_blocked, id=19576, stack(0x00000067ad400000,0x00000067ad500000)]
  0x00000217f3efb690 JavaThread "Unconstrained build operations Thread 39" [_thread_blocked, id=17944, stack(0x00000067ad500000,0x00000067ad600000)]
  0x00000217f3ef7ee0 JavaThread "Unconstrained build operations Thread 40" [_thread_blocked, id=2676, stack(0x00000067ad600000,0x00000067ad700000)]
  0x00000217f3efbba0 JavaThread "Unconstrained build operations Thread 41" [_thread_blocked, id=20212, stack(0x00000067ad700000,0x00000067ad800000)]
  0x00000217f3efe420 JavaThread "Unconstrained build operations Thread 42" [_thread_blocked, id=10572, stack(0x00000067ad800000,0x00000067ad900000)]
  0x00000217f3efc0b0 JavaThread "Unconstrained build operations Thread 43" [_thread_blocked, id=20580, stack(0x00000067ad900000,0x00000067ada00000)]
  0x00000217f3efc5c0 JavaThread "Unconstrained build operations Thread 44" [_thread_blocked, id=6504, stack(0x00000067ada00000,0x00000067adb00000)]
  0x00000217f3efcad0 JavaThread "Unconstrained build operations Thread 45" [_thread_blocked, id=19732, stack(0x00000067adb00000,0x00000067adc00000)]
  0x00000217f3efd4f0 JavaThread "Unconstrained build operations Thread 46" [_thread_blocked, id=3112, stack(0x00000067adc00000,0x00000067add00000)]
  0x00000217f3efda00 JavaThread "Unconstrained build operations Thread 47" [_thread_blocked, id=15192, stack(0x00000067add00000,0x00000067ade00000)]
  0x00000217f3efdf10 JavaThread "Unconstrained build operations Thread 48" [_thread_blocked, id=5996, stack(0x00000067ade00000,0x00000067adf00000)]
  0x00000217e8b565b0 JavaThread "Unconstrained build operations Thread 49" [_thread_blocked, id=3132, stack(0x00000067ae000000,0x00000067ae100000)]
  0x00000217e8b55680 JavaThread "Unconstrained build operations Thread 50" [_thread_blocked, id=7160, stack(0x00000067ae100000,0x00000067ae200000)]
  0x00000217e8b56ac0 JavaThread "Unconstrained build operations Thread 51" [_thread_blocked, id=10948, stack(0x00000067ae300000,0x00000067ae400000)]
  0x00000217e8b54750 JavaThread "Unconstrained build operations Thread 52" [_thread_blocked, id=21588, stack(0x00000067ae400000,0x00000067ae500000)]
  0x00000217e8b53d30 JavaThread "Unconstrained build operations Thread 53" [_thread_blocked, id=13348, stack(0x00000067ae500000,0x00000067ae600000)]
  0x00000217e8b55b90 JavaThread "Unconstrained build operations Thread 54" [_thread_blocked, id=22440, stack(0x00000067ae600000,0x00000067ae700000)]
  0x00000217e8b53820 JavaThread "Unconstrained build operations Thread 55" [_thread_blocked, id=19116, stack(0x00000067ae700000,0x00000067ae800000)]
  0x00000217e8b560a0 JavaThread "Unconstrained build operations Thread 56" [_thread_blocked, id=3292, stack(0x00000067ae800000,0x00000067ae900000)]
  0x00000217e8b53310 JavaThread "Unconstrained build operations Thread 57" [_thread_blocked, id=20492, stack(0x00000067ae900000,0x00000067aea00000)]
  0x00000217e8b56fd0 JavaThread "Unconstrained build operations Thread 58" [_thread_blocked, id=13052, stack(0x00000067aea00000,0x00000067aeb00000)]
  0x00000217e8b574e0 JavaThread "Unconstrained build operations Thread 59" [_thread_blocked, id=11776, stack(0x00000067aeb00000,0x00000067aec00000)]
  0x00000217e8b579f0 JavaThread "Unconstrained build operations Thread 60" [_thread_blocked, id=21696, stack(0x00000067aec00000,0x00000067aed00000)]
  0x00000217e8b54240 JavaThread "Unconstrained build operations Thread 61" [_thread_blocked, id=4192, stack(0x00000067aed00000,0x00000067aee00000)]
  0x00000217e8b58410 JavaThread "Unconstrained build operations Thread 62" [_thread_blocked, id=10536, stack(0x00000067aee00000,0x00000067aef00000)]
  0x00000217e8b59d60 JavaThread "Unconstrained build operations Thread 63" [_thread_blocked, id=13460, stack(0x00000067aef00000,0x00000067af000000)]
  0x00000217e8b57f00 JavaThread "Unconstrained build operations Thread 64" [_thread_blocked, id=20528, stack(0x00000067af000000,0x00000067af100000)]
  0x00000217e8b5a780 JavaThread "Unconstrained build operations Thread 65" [_thread_blocked, id=12440, stack(0x00000067af100000,0x00000067af200000)]
  0x00000217e8b5b1a0 JavaThread "Unconstrained build operations Thread 66" [_thread_blocked, id=6332, stack(0x00000067af200000,0x00000067af300000)]
  0x00000217e8b58920 JavaThread "Unconstrained build operations Thread 67" [_thread_blocked, id=6640, stack(0x00000067af300000,0x00000067af400000)]
  0x00000217e8b5ac90 JavaThread "Unconstrained build operations Thread 68" [_thread_blocked, id=13892, stack(0x00000067af400000,0x00000067af500000)]
  0x00000217e8b5a270 JavaThread "Exec process Thread 7" [_thread_blocked, id=17492, stack(0x00000067af500000,0x00000067af600000)]
  0x00000217e8b5b6b0 JavaThread "Exec process Thread 8" [_thread_blocked, id=22216, stack(0x00000067af600000,0x00000067af700000)]
  0x00000217e8b5c0d0 JavaThread "Exec process Thread 9" [_thread_blocked, id=18336, stack(0x00000067af700000,0x00000067af800000)]
  0x00000217e8b58e30 JavaThread "Unconstrained build operations Thread 69" [_thread_blocked, id=18904, stack(0x00000067af800000,0x00000067af900000)]
  0x00000217e8b59850 JavaThread "Unconstrained build operations Thread 70" [_thread_blocked, id=11416, stack(0x00000067af900000,0x00000067afa00000)]
  0x00000217e8b59340 JavaThread "Unconstrained build operations Thread 71" [_thread_blocked, id=16568, stack(0x00000067afa00000,0x00000067afb00000)]
  0x00000217e8b616e0 JavaThread "Unconstrained build operations Thread 72" [_thread_blocked, id=13352, stack(0x00000067afb00000,0x00000067afc00000)]
  0x00000217e8b5e950 JavaThread "Unconstrained build operations Thread 73" [_thread_blocked, id=15920, stack(0x00000067afc00000,0x00000067afd00000)]
  0x00000217e8b5df30 JavaThread "Unconstrained build operations Thread 74" [_thread_blocked, id=14900, stack(0x00000067afd00000,0x00000067afe00000)]
  0x00000217e8b61bf0 JavaThread "Unconstrained build operations Thread 75" [_thread_blocked, id=18276, stack(0x00000067afe00000,0x00000067aff00000)]
  0x00000217e8b5e440 JavaThread "Unconstrained build operations Thread 76" [_thread_blocked, id=12456, stack(0x00000067aff00000,0x00000067b0000000)]
  0x00000217ecc243b0 JavaThread "Unconstrained build operations Thread 77" [_thread_blocked, id=8684, stack(0x00000067b0000000,0x00000067b0100000)]
  0x00000217ecc22f70 JavaThread "Unconstrained build operations Thread 78" [_thread_blocked, id=19120, stack(0x00000067b0100000,0x00000067b0200000)]
  0x00000217ecc248c0 JavaThread "Unconstrained build operations Thread 79" [_thread_blocked, id=3328, stack(0x00000067b0200000,0x00000067b0300000)]
  0x00000217ecc22040 JavaThread "Unconstrained build operations Thread 80" [_thread_blocked, id=8416, stack(0x00000067b0300000,0x00000067b0400000)]
  0x00000217ecc21620 JavaThread "Unconstrained build operations Thread 81" [_thread_blocked, id=5824, stack(0x00000067b0400000,0x00000067b0500000)]
  0x00000217ecc24dd0 JavaThread "Unconstrained build operations Thread 82" [_thread_blocked, id=20060, stack(0x00000067b0500000,0x00000067b0600000)]
  0x00000217ecc23480 JavaThread "Unconstrained build operations Thread 83" [_thread_blocked, id=22272, stack(0x00000067b0600000,0x00000067b0700000)]
  0x00000217ecc23990 JavaThread "Unconstrained build operations Thread 84" [_thread_blocked, id=19796, stack(0x00000067b0700000,0x00000067b0800000)]
  0x00000217ecc23ea0 JavaThread "Unconstrained build operations Thread 85" [_thread_blocked, id=22264, stack(0x00000067b0800000,0x00000067b0900000)]
  0x00000217ecc252e0 JavaThread "Unconstrained build operations Thread 86" [_thread_blocked, id=17224, stack(0x00000067b0900000,0x00000067b0a00000)]
  0x00000217ecc21b30 JavaThread "Unconstrained build operations Thread 87" [_thread_blocked, id=8148, stack(0x00000067b0a00000,0x00000067b0b00000)]
  0x00000217ecc257f0 JavaThread "Unconstrained build operations Thread 88" [_thread_blocked, id=4284, stack(0x00000067b0b00000,0x00000067b0c00000)]
  0x00000217ecc22550 JavaThread "Unconstrained build operations Thread 89" [_thread_blocked, id=2220, stack(0x00000067b0c00000,0x00000067b0d00000)]
  0x00000217ecc25d00 JavaThread "Unconstrained build operations Thread 90" [_thread_blocked, id=13884, stack(0x00000067b0e00000,0x00000067b0f00000)]
  0x00000217ecc22a60 JavaThread "Unconstrained build operations Thread 91" [_thread_blocked, id=2648, stack(0x00000067b0f00000,0x00000067b1000000)]
  0x00000217ecc28a90 JavaThread "Unconstrained build operations Thread 92" [_thread_blocked, id=14304, stack(0x00000067b1000000,0x00000067b1100000)]
  0x00000217ecc26720 JavaThread "Unconstrained build operations Thread 93" [_thread_blocked, id=20996, stack(0x00000067b1100000,0x00000067b1200000)]
  0x00000217ecc26210 JavaThread "Unconstrained build operations Thread 94" [_thread_blocked, id=9540, stack(0x00000067b1200000,0x00000067b1300000)]
  0x00000217ecc26c30 JavaThread "Unconstrained build operations Thread 95" [_thread_blocked, id=22244, stack(0x00000067b1300000,0x00000067b1400000)]
  0x00000217ecc27b60 JavaThread "Unconstrained build operations Thread 96" [_thread_blocked, id=1872, stack(0x00000067b1400000,0x00000067b1500000)]
  0x00000217ecc28070 JavaThread "Unconstrained build operations Thread 97" [_thread_blocked, id=20584, stack(0x00000067b1500000,0x00000067b1600000)]
  0x00000217ecc27140 JavaThread "Unconstrained build operations Thread 98" [_thread_blocked, id=22360, stack(0x00000067b1600000,0x00000067b1700000)]
  0x00000217ecc27650 JavaThread "Unconstrained build operations Thread 99" [_thread_blocked, id=20812, stack(0x00000067b1700000,0x00000067b1800000)]
  0x00000217ecc28580 JavaThread "Unconstrained build operations Thread 100" [_thread_blocked, id=18924, stack(0x00000067b1800000,0x00000067b1900000)]
  0x00000217ec4cc810 JavaThread "build event listener" [_thread_blocked, id=21752, stack(0x00000067b0d00000,0x00000067b0e00000)]
  0x00000217ec4cb8e0 JavaThread "Problems report writer" [_thread_blocked, id=2756, stack(0x00000067b1900000,0x00000067b1a00000)]
  0x00000217ec4cb3d0 JavaThread "Unconstrained build operations Thread 101" [_thread_blocked, id=21856, stack(0x00000067b1a00000,0x00000067b1b00000)]
  0x00000217ec4cbdf0 JavaThread "Unconstrained build operations Thread 102" [_thread_blocked, id=14448, stack(0x00000067b1b00000,0x00000067b1c00000)]
  0x00000217ec4ca4a0 JavaThread "Unconstrained build operations Thread 103" [_thread_blocked, id=18948, stack(0x00000067b1c00000,0x00000067b1d00000)]
  0x00000217ec4c9060 JavaThread "Unconstrained build operations Thread 104" [_thread_blocked, id=21712, stack(0x00000067b1d00000,0x00000067b1e00000)]
  0x00000217ec4ccd20 JavaThread "Unconstrained build operations Thread 105" [_thread_blocked, id=16344, stack(0x00000067b1e00000,0x00000067b1f00000)]
  0x00000217ec4cc300 JavaThread "Unconstrained build operations Thread 106" [_thread_blocked, id=21600, stack(0x00000067b1f00000,0x00000067b2000000)]
  0x00000217ec4cd230 JavaThread "Unconstrained build operations Thread 107" [_thread_blocked, id=20792, stack(0x00000067b2000000,0x00000067b2100000)]
  0x00000217ec4c9a80 JavaThread "Unconstrained build operations Thread 108" [_thread_blocked, id=15172, stack(0x00000067b2100000,0x00000067b2200000)]
  0x00000217ec4cd740 JavaThread "Unconstrained build operations Thread 109" [_thread_blocked, id=11616, stack(0x00000067b2200000,0x00000067b2300000)]
  0x00000217ec4ca9b0 JavaThread "Unconstrained build operations Thread 110" [_thread_blocked, id=12520, stack(0x00000067b2300000,0x00000067b2400000)]
  0x00000217ec4c9f90 JavaThread "Unconstrained build operations Thread 111" [_thread_blocked, id=19860, stack(0x00000067b2400000,0x00000067b2500000)]
  0x00000217ec4caec0 JavaThread "Unconstrained build operations Thread 112" [_thread_blocked, id=22340, stack(0x00000067b2700000,0x00000067b2800000)]
  0x00000217ec4ceb80 JavaThread "Unconstrained build operations Thread 113" [_thread_blocked, id=5404, stack(0x00000067b2800000,0x00000067b2900000)]
  0x00000217ec4cf090 JavaThread "Unconstrained build operations Thread 114" [_thread_blocked, id=20452, stack(0x00000067b2900000,0x00000067b2a00000)]
  0x00000217ec4cf5a0 JavaThread "Unconstrained build operations Thread 115" [_thread_blocked, id=15180, stack(0x00000067b2a00000,0x00000067b2b00000)]
  0x00000217ec4cfab0 JavaThread "Unconstrained build operations Thread 116" [_thread_blocked, id=11620, stack(0x00000067b2b00000,0x00000067b2c00000)]
  0x00000217ec4cffc0 JavaThread "Unconstrained build operations Thread 117" [_thread_blocked, id=9936, stack(0x00000067b2c00000,0x00000067b2d00000)]
  0x00000217ec4d04d0 JavaThread "Unconstrained build operations Thread 118" [_thread_blocked, id=22336, stack(0x00000067b2d00000,0x00000067b2e00000)]
  0x00000217ec4d09e0 JavaThread "Unconstrained build operations Thread 119" [_thread_blocked, id=12828, stack(0x00000067b2e00000,0x00000067b2f00000)]
  0x00000217e6d67d50 JavaThread "Unconstrained build operations Thread 120" [_thread_blocked, id=18196, stack(0x00000067b3100000,0x00000067b3200000)]

Other Threads:
=>0x00000217acf3fb50 VMThread "VM Thread" [stack: 0x00000067a6700000,0x00000067a6800000] [id=17028]
  0x00000217e6271cf0 WatcherThread [stack: 0x00000067a7300000,0x00000067a7400000] [id=12704]
  0x0000021789aae090 GCTaskThread "GC Thread#0" [stack: 0x00000067a6200000,0x00000067a6300000] [id=3432]
  0x00000217e662e6b0 GCTaskThread "GC Thread#1" [stack: 0x00000067a7400000,0x00000067a7500000] [id=9092]
  0x00000217e6481b00 GCTaskThread "GC Thread#2" [stack: 0x00000067a7500000,0x00000067a7600000] [id=18664]
  0x00000217e6bb1880 GCTaskThread "GC Thread#3" [stack: 0x00000067a7600000,0x00000067a7700000] [id=8164]
  0x00000217e64f5e10 GCTaskThread "GC Thread#4" [stack: 0x00000067a7700000,0x00000067a7800000] [id=18748]
  0x00000217e8bbbe30 GCTaskThread "GC Thread#5" [stack: 0x00000067a8600000,0x00000067a8700000] [id=2764]
  0x00000217e8bbc500 GCTaskThread "GC Thread#6" [stack: 0x00000067a8700000,0x00000067a8800000] [id=11044]
  0x00000217e84ba390 GCTaskThread "GC Thread#7" [stack: 0x00000067a8800000,0x00000067a8900000] [id=13436]
  0x00000217e84ba650 GCTaskThread "GC Thread#8" [stack: 0x00000067a8900000,0x00000067a8a00000] [id=12504]
  0x00000217e78c54e0 GCTaskThread "GC Thread#9" [stack: 0x00000067a8a00000,0x00000067a8b00000] [id=10688]
  0x0000021789abeef0 ConcurrentGCThread "G1 Main Marker" [stack: 0x00000067a6300000,0x00000067a6400000] [id=9260]
  0x0000021789abf820 ConcurrentGCThread "G1 Conc#0" [stack: 0x00000067a6400000,0x00000067a6500000] [id=2544]
  0x00000217e9eb6790 ConcurrentGCThread "G1 Conc#1" [stack: 0x00000067a8d00000,0x00000067a8e00000] [id=9420]
  0x00000217ea58a4b0 ConcurrentGCThread "G1 Conc#2" [stack: 0x00000067a8e00000,0x00000067a8f00000] [id=1964]
  0x00000217acdda990 ConcurrentGCThread "G1 Refine#0" [stack: 0x00000067a6500000,0x00000067a6600000] [id=14152]
  0x00000217e82fb630 ConcurrentGCThread "G1 Refine#1" [stack: 0x00000067a5e00000,0x00000067a5f00000] [id=21708]
  0x00000217ec15a1a0 ConcurrentGCThread "G1 Refine#2" [stack: 0x00000067a5f00000,0x00000067a6000000] [id=21668]
  0x00000217f2df95a0 ConcurrentGCThread "G1 Refine#3" [stack: 0x00000067b4000000,0x00000067b4100000] [id=19564]
  0x00000217f586e1b0 ConcurrentGCThread "G1 Refine#4" [stack: 0x00000067b4100000,0x00000067b4200000] [id=21356]
  0x00000217e8cf6200 ConcurrentGCThread "G1 Refine#5" [stack: 0x00000067b4700000,0x00000067b4800000] [id=22436]
  0x00000217f31d1900 ConcurrentGCThread "G1 Refine#6" [stack: 0x00000067b4800000,0x00000067b4900000] [id=14220]
  0x00000217acddb070 ConcurrentGCThread "G1 Service" [stack: 0x00000067a6600000,0x00000067a6700000] [id=18512]

Threads with active compile tasks:
C2 CompilerThread0  7863066 35532   !   4       org.gradle.api.internal.artifacts.transform.TransformingAsyncArtifactListener$TransformedArtifact::finalizeValue (168 bytes)

VM state: at safepoint (normal execution)

VM Mutex/Monitor currently owned by a thread:  ([mutex/lock_event])
[0x000002178777d5c0] Threads_lock - owner thread: 0x00000217acf3fb50
[0x0000021789a3d5b0] Heap_lock - owner thread: 0x00000217e6765c60

Heap address: 0x0000000700000000, size: 4096 MB, Compressed Oops mode: Zero based, Oop shift amount: 3

CDS archive(s) mapped at: [0x00000217ad000000-0x00000217adbb0000-0x00000217adbb0000), size 12255232, SharedBaseAddress: 0x00000217ad000000, ArchiveRelocationMode: 1.
Compressed class space mapped at: 0x00000217ae000000-0x00000217e2000000, reserved size: 872415232
Narrow klass base: 0x00000217ad000000, Narrow klass shift: 0, Narrow klass range: 0x100000000

GC Precious Log:
 CPUs: 12 total, 12 available
 Memory: 7832M
 Large Page Support: Disabled
 NUMA Support: Disabled
 Compressed Oops: Enabled (Zero based)
 Heap Region Size: 2M
 Heap Min Capacity: 8M
 Heap Initial Capacity: 124M
 Heap Max Capacity: 4G
 Pre-touch: Disabled
 Parallel Workers: 10
 Concurrent Workers: 3
 Concurrent Refinement Workers: 10
 Periodic GC: Disabled

Heap:
 garbage-first heap   total 854016K, used 386011K [0x0000000700000000, 0x0000000800000000)
  region size 2048K, 6 young (12288K), 6 survivors (12288K)
 Metaspace       used 158498K, committed 161024K, reserved 1048576K
  class space    used 20951K, committed 22144K, reserved 851968K

Heap Regions: E=young(eden), S=young(survivor), O=old, HS=humongous(starts), HC=humongous(continues), CS=collection set, F=free, OA=open archive, CA=closed archive, TAMS=top-at-mark-start (previous, next)
|   0|0x0000000700000000, 0x0000000700200000, 0x0000000700200000|100%|HS|  |TAMS 0x0000000700200000, 0x0000000700200000| Complete 
|   1|0x0000000700200000, 0x0000000700400000, 0x0000000700400000|100%|HC|  |TAMS 0x0000000700400000, 0x0000000700400000| Complete 
|   2|0x0000000700400000, 0x00000007005f4b18, 0x0000000700600000| 97%| O|  |TAMS 0x00000007005f4b18, 0x00000007005f4b18| Untracked 
|   3|0x0000000700600000, 0x00000007007ffff0, 0x0000000700800000| 99%| O|  |TAMS 0x00000007007ffff0, 0x00000007007ffff0| Untracked 
|   4|0x0000000700800000, 0x0000000700a00000, 0x0000000700a00000|100%| O|  |TAMS 0x0000000700a00000, 0x0000000700a00000| Untracked 
|   5|0x0000000700a00000, 0x0000000700bfffc0, 0x0000000700c00000| 99%| O|  |TAMS 0x0000000700bfffc0, 0x0000000700bfffc0| Untracked 
|   6|0x0000000700c00000, 0x0000000700dfffe8, 0x0000000700e00000| 99%| O|  |TAMS 0x0000000700dfffe8, 0x0000000700dfffe8| Untracked 
|   7|0x0000000700e00000, 0x0000000701000000, 0x0000000701000000|100%| O|  |TAMS 0x0000000701000000, 0x0000000701000000| Untracked 
|   8|0x0000000701000000, 0x0000000701200000, 0x0000000701200000|100%| O|  |TAMS 0x0000000701200000, 0x0000000701200000| Untracked 
|   9|0x0000000701200000, 0x00000007013fffe8, 0x0000000701400000| 99%| O|  |TAMS 0x00000007013fffe8, 0x00000007013fffe8| Untracked 
|  10|0x0000000701400000, 0x0000000701600000, 0x0000000701600000|100%| O|  |TAMS 0x0000000701600000, 0x0000000701600000| Untracked 
|  11|0x0000000701600000, 0x0000000701800000, 0x0000000701800000|100%| O|  |TAMS 0x0000000701800000, 0x0000000701800000| Untracked 
|  12|0x0000000701800000, 0x00000007019fffa8, 0x0000000701a00000| 99%| O|  |TAMS 0x00000007019fffa8, 0x00000007019fffa8| Untracked 
|  13|0x0000000701a00000, 0x0000000701bfffe8, 0x0000000701c00000| 99%| O|  |TAMS 0x0000000701bfffe8, 0x0000000701bfffe8| Untracked 
|  14|0x0000000701c00000, 0x0000000701dffff0, 0x0000000701e00000| 99%| O|  |TAMS 0x0000000701dffff0, 0x0000000701dffff0| Untracked 
|  15|0x0000000701e00000, 0x0000000701fffff8, 0x0000000702000000| 99%| O|  |TAMS 0x0000000701fffff8, 0x0000000701fffff8| Untracked 
|  16|0x0000000702000000, 0x00000007021fffe8, 0x0000000702200000| 99%| O|  |TAMS 0x00000007021fffe8, 0x00000007021fffe8| Untracked 
|  17|0x0000000702200000, 0x0000000702329bf8, 0x0000000702400000| 58%| O|  |TAMS 0x0000000702329bf8, 0x0000000702329bf8| Untracked 
|  18|0x0000000702400000, 0x0000000702600000, 0x0000000702600000|100%|HS|  |TAMS 0x0000000702600000, 0x0000000702600000| Complete 
|  19|0x0000000702600000, 0x0000000702800000, 0x0000000702800000|100%|HC|  |TAMS 0x0000000702800000, 0x0000000702800000| Complete 
|  20|0x0000000702800000, 0x0000000702a00000, 0x0000000702a00000|100%|HS|  |TAMS 0x0000000702a00000, 0x0000000702a00000| Complete 
|  21|0x0000000702a00000, 0x0000000702c00000, 0x0000000702c00000|100%|HC|  |TAMS 0x0000000702c00000, 0x0000000702c00000| Complete 
|  22|0x0000000702c00000, 0x0000000702dffff0, 0x0000000702e00000| 99%| O|  |TAMS 0x0000000702dffff0, 0x0000000702dffff0| Untracked 
|  23|0x0000000702e00000, 0x0000000702ffffc0, 0x0000000703000000| 99%| O|  |TAMS 0x0000000702ffffc0, 0x0000000702ffffc0| Untracked 
|  24|0x0000000703000000, 0x0000000703200000, 0x0000000703200000|100%| O|  |TAMS 0x0000000703200000, 0x0000000703200000| Untracked 
|  25|0x0000000703200000, 0x00000007033fffe0, 0x0000000703400000| 99%| O|  |TAMS 0x00000007033fffe0, 0x00000007033fffe0| Untracked 
|  26|0x0000000703400000, 0x00000007035ffff8, 0x0000000703600000| 99%| O|  |TAMS 0x00000007035ffff8, 0x00000007035ffff8| Untracked 
|  27|0x0000000703600000, 0x0000000703800000, 0x0000000703800000|100%| O|  |TAMS 0x0000000703800000, 0x0000000703800000| Untracked 
|  28|0x0000000703800000, 0x00000007039fffe8, 0x0000000703a00000| 99%| O|  |TAMS 0x00000007039fffe8, 0x00000007039fffe8| Untracked 
|  29|0x0000000703a00000, 0x0000000703bfffe0, 0x0000000703c00000| 99%| O|  |TAMS 0x0000000703bfffe0, 0x0000000703bfffe0| Untracked 
|  30|0x0000000703c00000, 0x0000000703e00000, 0x0000000703e00000|100%| O|  |TAMS 0x0000000703e00000, 0x0000000703e00000| Untracked 
|  31|0x0000000703e00000, 0x0000000703ff69c8, 0x0000000704000000| 98%| O|  |TAMS 0x0000000703ff69c8, 0x0000000703ff69c8| Untracked 
|  32|0x0000000704000000, 0x00000007041ffff0, 0x0000000704200000| 99%| O|  |TAMS 0x00000007041ffff0, 0x00000007041ffff0| Untracked 
|  33|0x0000000704200000, 0x0000000704382700, 0x0000000704400000| 75%| O|  |TAMS 0x0000000704382700, 0x0000000704382700| Untracked 
|  34|0x0000000704400000, 0x00000007045fffe8, 0x0000000704600000| 99%| O|  |TAMS 0x00000007045fffe8, 0x00000007045fffe8| Untracked 
|  35|0x0000000704600000, 0x000000070477a748, 0x0000000704800000| 73%| O|  |TAMS 0x000000070477a748, 0x000000070477a748| Untracked 
|  36|0x0000000704800000, 0x0000000704a00000, 0x0000000704a00000|100%| O|  |TAMS 0x0000000704a00000, 0x0000000704a00000| Untracked 
|  37|0x0000000704a00000, 0x0000000704bffff0, 0x0000000704c00000| 99%| O|  |TAMS 0x0000000704bffff0, 0x0000000704bffff0| Untracked 
|  38|0x0000000704c00000, 0x0000000704e00000, 0x0000000704e00000|100%| O|  |TAMS 0x0000000704e00000, 0x0000000704e00000| Untracked 
|  39|0x0000000704e00000, 0x0000000705000000, 0x0000000705000000|100%| O|  |TAMS 0x0000000705000000, 0x0000000705000000| Untracked 
|  40|0x0000000705000000, 0x00000007051ffff8, 0x0000000705200000| 99%| O|  |TAMS 0x00000007051ffff8, 0x00000007051ffff8| Untracked 
|  41|0x0000000705200000, 0x0000000705400000, 0x0000000705400000|100%|HS|  |TAMS 0x0000000705400000, 0x0000000705400000| Complete 
|  42|0x0000000705400000, 0x0000000705600000, 0x0000000705600000|100%|HC|  |TAMS 0x0000000705600000, 0x0000000705600000| Complete 
|  43|0x0000000705600000, 0x00000007057ffff0, 0x0000000705800000| 99%| O|  |TAMS 0x00000007057ffff0, 0x00000007057ffff0| Untracked 
|  44|0x0000000705800000, 0x0000000705a00000, 0x0000000705a00000|100%| O|  |TAMS 0x0000000705a00000, 0x0000000705a00000| Untracked 
|  45|0x0000000705a00000, 0x0000000705be1988, 0x0000000705c00000| 94%| O|  |TAMS 0x0000000705be1988, 0x0000000705be1988| Untracked 
|  46|0x0000000705c00000, 0x0000000705dffff8, 0x0000000705e00000| 99%| O|  |TAMS 0x0000000705dffff8, 0x0000000705dffff8| Untracked 
|  47|0x0000000705e00000, 0x0000000706000000, 0x0000000706000000|100%| O|  |TAMS 0x0000000706000000, 0x0000000706000000| Untracked 
|  48|0x0000000706000000, 0x00000007061ffff8, 0x0000000706200000| 99%| O|  |TAMS 0x00000007061ffff8, 0x00000007061ffff8| Untracked 
|  49|0x0000000706200000, 0x0000000706400000, 0x0000000706400000|100%| O|  |TAMS 0x0000000706400000, 0x0000000706400000| Untracked 
|  50|0x0000000706400000, 0x000000070655c260, 0x0000000706600000| 67%| O|  |TAMS 0x000000070655c260, 0x000000070655c260| Untracked 
|  51|0x0000000706600000, 0x0000000706800000, 0x0000000706800000|100%| O|  |TAMS 0x0000000706800000, 0x0000000706800000| Untracked 
|  52|0x0000000706800000, 0x00000007069fffd8, 0x0000000706a00000| 99%| O|  |TAMS 0x00000007069fffd8, 0x00000007069fffd8| Untracked 
|  53|0x0000000706a00000, 0x0000000706c00000, 0x0000000706c00000|100%| O|  |TAMS 0x0000000706c00000, 0x0000000706c00000| Untracked 
|  54|0x0000000706c00000, 0x0000000706dfffe8, 0x0000000706e00000| 99%| O|  |TAMS 0x0000000706dfffe8, 0x0000000706dfffe8| Untracked 
|  55|0x0000000706e00000, 0x0000000707000000, 0x0000000707000000|100%| O|  |TAMS 0x0000000707000000, 0x0000000707000000| Untracked 
|  56|0x0000000707000000, 0x0000000707200000, 0x0000000707200000|100%| O|  |TAMS 0x0000000707200000, 0x0000000707200000| Untracked 
|  57|0x0000000707200000, 0x00000007073a5be8, 0x0000000707400000| 82%| O|  |TAMS 0x00000007073a5be8, 0x00000007073a5be8| Untracked 
|  58|0x0000000707400000, 0x0000000707400000, 0x0000000707600000|  0%| F|  |TAMS 0x0000000707400000, 0x0000000707400000| Untracked 
|  59|0x0000000707600000, 0x0000000707800000, 0x0000000707800000|100%| O|  |TAMS 0x0000000707800000, 0x0000000707800000| Untracked 
|  60|0x0000000707800000, 0x00000007079fff80, 0x0000000707a00000| 99%| O|  |TAMS 0x00000007079fff80, 0x00000007079fff80| Untracked 
|  61|0x0000000707a00000, 0x0000000707bfffe8, 0x0000000707c00000| 99%| O|  |TAMS 0x0000000707bfffe8, 0x0000000707bfffe8| Untracked 
|  62|0x0000000707c00000, 0x0000000707e00000, 0x0000000707e00000|100%| O|  |TAMS 0x0000000707e00000, 0x0000000707e00000| Untracked 
|  63|0x0000000707e00000, 0x0000000707fe0da8, 0x0000000708000000| 93%| O|  |TAMS 0x0000000707fe0da8, 0x0000000707fe0da8| Untracked 
|  64|0x0000000708000000, 0x00000007081fffa8, 0x0000000708200000| 99%| O|  |TAMS 0x00000007081fffa8, 0x00000007081fffa8| Untracked 
|  65|0x0000000708200000, 0x00000007083e08f0, 0x0000000708400000| 93%| O|  |TAMS 0x00000007083e08f0, 0x00000007083e08f0| Untracked 
|  66|0x0000000708400000, 0x00000007085f7c70, 0x0000000708600000| 98%| O|  |TAMS 0x00000007085f7c70, 0x00000007085f7c70| Untracked 
|  67|0x0000000708600000, 0x00000007087fe368, 0x0000000708800000| 99%| O|  |TAMS 0x00000007087fe368, 0x00000007087fe368| Untracked 
|  68|0x0000000708800000, 0x00000007089fffe0, 0x0000000708a00000| 99%| O|  |TAMS 0x00000007089fffe0, 0x00000007089fffe0| Untracked 
|  69|0x0000000708a00000, 0x0000000708c00000, 0x0000000708c00000|100%| O|  |TAMS 0x0000000708c00000, 0x0000000708c00000| Untracked 
|  70|0x0000000708c00000, 0x0000000708e00000, 0x0000000708e00000|100%| O|  |TAMS 0x0000000708e00000, 0x0000000708e00000| Untracked 
|  71|0x0000000708e00000, 0x0000000709000000, 0x0000000709000000|100%|HS|  |TAMS 0x0000000709000000, 0x0000000709000000| Complete 
|  72|0x0000000709000000, 0x0000000709200000, 0x0000000709200000|100%|HS|  |TAMS 0x0000000709200000, 0x0000000709200000| Complete 
|  73|0x0000000709200000, 0x00000007093ffb00, 0x0000000709400000| 99%| O|  |TAMS 0x00000007093ffb00, 0x00000007093ffb00| Untracked 
|  74|0x0000000709400000, 0x00000007095e60a0, 0x0000000709600000| 94%| O|  |TAMS 0x00000007095e60a0, 0x00000007095e60a0| Untracked 
|  75|0x0000000709600000, 0x0000000709800000, 0x0000000709800000|100%| O|  |TAMS 0x0000000709800000, 0x0000000709800000| Untracked 
|  76|0x0000000709800000, 0x0000000709a00000, 0x0000000709a00000|100%| O|  |TAMS 0x0000000709a00000, 0x0000000709a00000| Untracked 
|  77|0x0000000709a00000, 0x0000000709c00000, 0x0000000709c00000|100%| O|  |TAMS 0x0000000709a00000, 0x0000000709c00000| Untracked 
|  78|0x0000000709c00000, 0x0000000709dfffe0, 0x0000000709e00000| 99%| O|  |TAMS 0x0000000709dfffe0, 0x0000000709dfffe0| Untracked 
|  79|0x0000000709e00000, 0x000000070a000000, 0x000000070a000000|100%| O|  |TAMS 0x000000070a000000, 0x000000070a000000| Untracked 
|  80|0x000000070a000000, 0x000000070a200000, 0x000000070a200000|100%| O|  |TAMS 0x000000070a200000, 0x000000070a200000| Untracked 
|  81|0x000000070a200000, 0x000000070a3fb2f8, 0x000000070a400000| 99%| O|  |TAMS 0x000000070a3fb2f8, 0x000000070a3fb2f8| Untracked 
|  82|0x000000070a400000, 0x000000070a5ffff8, 0x000000070a600000| 99%| O|  |TAMS 0x000000070a5ffff8, 0x000000070a5ffff8| Untracked 
|  83|0x000000070a600000, 0x000000070a800000, 0x000000070a800000|100%| O|  |TAMS 0x000000070a600000, 0x000000070a800000| Untracked 
|  84|0x000000070a800000, 0x000000070aa00000, 0x000000070aa00000|100%| O|  |TAMS 0x000000070aa00000, 0x000000070aa00000| Untracked 
|  85|0x000000070aa00000, 0x000000070abffff8, 0x000000070ac00000| 99%| O|  |TAMS 0x000000070abffff8, 0x000000070abffff8| Untracked 
|  86|0x000000070ac00000, 0x000000070ade1e28, 0x000000070ae00000| 94%| O|  |TAMS 0x000000070ade1e28, 0x000000070ade1e28| Untracked 
|  87|0x000000070ae00000, 0x000000070affffd8, 0x000000070b000000| 99%| O|  |TAMS 0x000000070affffd8, 0x000000070affffd8| Untracked 
|  88|0x000000070b000000, 0x000000070b200000, 0x000000070b200000|100%| O|  |TAMS 0x000000070b200000, 0x000000070b200000| Untracked 
|  89|0x000000070b200000, 0x000000070b3ffff0, 0x000000070b400000| 99%| O|  |TAMS 0x000000070b3ffff0, 0x000000070b3ffff0| Untracked 
|  90|0x000000070b400000, 0x000000070b5fffe8, 0x000000070b600000| 99%| O|  |TAMS 0x000000070b5fffe8, 0x000000070b5fffe8| Untracked 
|  91|0x000000070b600000, 0x000000070b7fffe8, 0x000000070b800000| 99%| O|  |TAMS 0x000000070b7fffe8, 0x000000070b7fffe8| Untracked 
|  92|0x000000070b800000, 0x000000070ba00000, 0x000000070ba00000|100%| O|  |TAMS 0x000000070ba00000, 0x000000070ba00000| Untracked 
|  93|0x000000070ba00000, 0x000000070bbfffc8, 0x000000070bc00000| 99%| O|  |TAMS 0x000000070bbfffc8, 0x000000070bbfffc8| Untracked 
|  94|0x000000070bc00000, 0x000000070bd72258, 0x000000070be00000| 72%| O|  |TAMS 0x000000070bd72258, 0x000000070bd72258| Untracked 
|  95|0x000000070be00000, 0x000000070bffffe8, 0x000000070c000000| 99%| O|  |TAMS 0x000000070bffffe8, 0x000000070bffffe8| Untracked 
|  96|0x000000070c000000, 0x000000070c1dd518, 0x000000070c200000| 93%| O|  |TAMS 0x000000070c1dd518, 0x000000070c1dd518| Untracked 
|  97|0x000000070c200000, 0x000000070c3ffff0, 0x000000070c400000| 99%| O|  |TAMS 0x000000070c3ffff0, 0x000000070c3ffff0| Untracked 
|  98|0x000000070c400000, 0x000000070c5fffb0, 0x000000070c600000| 99%| O|  |TAMS 0x000000070c5fffb0, 0x000000070c5fffb0| Untracked 
|  99|0x000000070c600000, 0x000000070c600000, 0x000000070c800000|  0%| F|  |TAMS 0x000000070c600000, 0x000000070c600000| Untracked 
| 100|0x000000070c800000, 0x000000070c95e368, 0x000000070ca00000| 68%| O|  |TAMS 0x000000070c95e368, 0x000000070c95e368| Untracked 
| 101|0x000000070ca00000, 0x000000070cc00000, 0x000000070cc00000|100%| O|  |TAMS 0x000000070cc00000, 0x000000070cc00000| Untracked 
| 102|0x000000070cc00000, 0x000000070ce00000, 0x000000070ce00000|100%| O|  |TAMS 0x000000070ce00000, 0x000000070ce00000| Untracked 
| 103|0x000000070ce00000, 0x000000070d000000, 0x000000070d000000|100%|HS|  |TAMS 0x000000070d000000, 0x000000070d000000| Complete 
| 104|0x000000070d000000, 0x000000070d200000, 0x000000070d200000|100%| O|  |TAMS 0x000000070d000000, 0x000000070d200000| Untracked 
| 105|0x000000070d200000, 0x000000070d3f3778, 0x000000070d400000| 97%| O|  |TAMS 0x000000070d3f3778, 0x000000070d3f3778| Untracked 
| 106|0x000000070d400000, 0x000000070d5ffff8, 0x000000070d600000| 99%| O|  |TAMS 0x000000070d5ffff8, 0x000000070d5ffff8| Untracked 
| 107|0x000000070d600000, 0x000000070d7e01e0, 0x000000070d800000| 93%| O|  |TAMS 0x000000070d7e01e0, 0x000000070d7e01e0| Untracked 
| 108|0x000000070d800000, 0x000000070da00000, 0x000000070da00000|100%| O|  |TAMS 0x000000070da00000, 0x000000070da00000| Untracked 
| 109|0x000000070da00000, 0x000000070dc00000, 0x000000070dc00000|100%| O|  |TAMS 0x000000070dc00000, 0x000000070dc00000| Untracked 
| 110|0x000000070dc00000, 0x000000070ddffff8, 0x000000070de00000| 99%| O|  |TAMS 0x000000070ddffff8, 0x000000070ddffff8| Untracked 
| 111|0x000000070de00000, 0x000000070dfffff8, 0x000000070e000000| 99%| O|  |TAMS 0x000000070dfffff8, 0x000000070dfffff8| Untracked 
| 112|0x000000070e000000, 0x000000070e1d3e58, 0x000000070e200000| 91%| O|  |TAMS 0x000000070e1d3e58, 0x000000070e1d3e58| Untracked 
| 113|0x000000070e200000, 0x000000070e3fffe8, 0x000000070e400000| 99%| O|  |TAMS 0x000000070e3fffe8, 0x000000070e3fffe8| Untracked 
| 114|0x000000070e400000, 0x000000070e600000, 0x000000070e600000|100%| O|  |TAMS 0x000000070e600000, 0x000000070e600000| Untracked 
| 115|0x000000070e600000, 0x000000070e800000, 0x000000070e800000|100%| O|  |TAMS 0x000000070e800000, 0x000000070e800000| Untracked 
| 116|0x000000070e800000, 0x000000070ea00000, 0x000000070ea00000|100%| O|  |TAMS 0x000000070ea00000, 0x000000070ea00000| Untracked 
| 117|0x000000070ea00000, 0x000000070ec00000, 0x000000070ec00000|100%| O|  |TAMS 0x000000070ec00000, 0x000000070ec00000| Untracked 
| 118|0x000000070ec00000, 0x000000070ec00000, 0x000000070ee00000|  0%| F|  |TAMS 0x000000070ec00000, 0x000000070ec00000| Untracked 
| 119|0x000000070ee00000, 0x000000070f000000, 0x000000070f000000|100%| O|  |TAMS 0x000000070ee00000, 0x000000070f000000| Untracked 
| 120|0x000000070f000000, 0x000000070f1ffe48, 0x000000070f200000| 99%| O|  |TAMS 0x000000070f1ffe48, 0x000000070f1ffe48| Untracked 
| 121|0x000000070f200000, 0x000000070f400000, 0x000000070f400000|100%| O|  |TAMS 0x000000070f400000, 0x000000070f400000| Untracked 
| 122|0x000000070f400000, 0x000000070f600000, 0x000000070f600000|100%| O|  |TAMS 0x000000070f600000, 0x000000070f600000| Untracked 
| 123|0x000000070f600000, 0x000000070f7cce40, 0x000000070f800000| 90%| O|  |TAMS 0x000000070f7cce40, 0x000000070f7cce40| Untracked 
| 124|0x000000070f800000, 0x000000070fa00000, 0x000000070fa00000|100%| O|  |TAMS 0x000000070fa00000, 0x000000070fa00000| Untracked 
| 125|0x000000070fa00000, 0x000000070fc00000, 0x000000070fc00000|100%| O|  |TAMS 0x000000070fc00000, 0x000000070fc00000| Untracked 
| 126|0x000000070fc00000, 0x000000070fdfffd0, 0x000000070fe00000| 99%| O|  |TAMS 0x000000070fdfffd0, 0x000000070fdfffd0| Untracked 
| 127|0x000000070fe00000, 0x0000000710000000, 0x0000000710000000|100%| O|  |TAMS 0x0000000710000000, 0x0000000710000000| Untracked 
| 128|0x0000000710000000, 0x0000000710200000, 0x0000000710200000|100%| O|  |TAMS 0x0000000710200000, 0x0000000710200000| Untracked 
| 129|0x0000000710200000, 0x0000000710400000, 0x0000000710400000|100%| O|  |TAMS 0x0000000710400000, 0x0000000710400000| Untracked 
| 130|0x0000000710400000, 0x00000007105ffff0, 0x0000000710600000| 99%| O|  |TAMS 0x00000007105ffff0, 0x00000007105ffff0| Untracked 
| 131|0x0000000710600000, 0x0000000710800000, 0x0000000710800000|100%| O|  |TAMS 0x0000000710800000, 0x0000000710800000| Untracked 
| 132|0x0000000710800000, 0x0000000710a00000, 0x0000000710a00000|100%| O|  |TAMS 0x0000000710a00000, 0x0000000710a00000| Untracked 
| 133|0x0000000710a00000, 0x0000000710c00000, 0x0000000710c00000|100%| O|  |TAMS 0x0000000710c00000, 0x0000000710c00000| Untracked 
| 134|0x0000000710c00000, 0x0000000710e00000, 0x0000000710e00000|100%| O|  |TAMS 0x0000000710e00000, 0x0000000710e00000| Untracked 
| 135|0x0000000710e00000, 0x0000000711000000, 0x0000000711000000|100%| O|  |TAMS 0x0000000711000000, 0x0000000711000000| Untracked 
| 136|0x0000000711000000, 0x0000000711200000, 0x0000000711200000|100%| O|  |TAMS 0x0000000711200000, 0x0000000711200000| Untracked 
| 137|0x0000000711200000, 0x0000000711400000, 0x0000000711400000|100%| O|  |TAMS 0x0000000711400000, 0x0000000711400000| Untracked 
| 138|0x0000000711400000, 0x0000000711600000, 0x0000000711600000|100%| O|  |TAMS 0x0000000711600000, 0x0000000711600000| Untracked 
| 139|0x0000000711600000, 0x0000000711800000, 0x0000000711800000|100%| O|  |TAMS 0x0000000711800000, 0x0000000711800000| Untracked 
| 140|0x0000000711800000, 0x0000000711a00000, 0x0000000711a00000|100%| O|  |TAMS 0x0000000711a00000, 0x0000000711a00000| Untracked 
| 141|0x0000000711a00000, 0x0000000711c00000, 0x0000000711c00000|100%| O|  |TAMS 0x0000000711c00000, 0x0000000711c00000| Untracked 
| 142|0x0000000711c00000, 0x0000000711e00000, 0x0000000711e00000|100%| O|  |TAMS 0x0000000711e00000, 0x0000000711e00000| Untracked 
| 143|0x0000000711e00000, 0x0000000712000000, 0x0000000712000000|100%| O|  |TAMS 0x0000000712000000, 0x0000000712000000| Untracked 
| 144|0x0000000712000000, 0x0000000712200000, 0x0000000712200000|100%| O|  |TAMS 0x0000000712200000, 0x0000000712200000| Untracked 
| 145|0x0000000712200000, 0x0000000712400000, 0x0000000712400000|100%| O|  |TAMS 0x0000000712400000, 0x0000000712400000| Untracked 
| 146|0x0000000712400000, 0x0000000712600000, 0x0000000712600000|100%| O|  |TAMS 0x0000000712600000, 0x0000000712600000| Untracked 
| 147|0x0000000712600000, 0x0000000712800000, 0x0000000712800000|100%| O|  |TAMS 0x0000000712800000, 0x0000000712800000| Untracked 
| 148|0x0000000712800000, 0x0000000712a00000, 0x0000000712a00000|100%| O|  |TAMS 0x0000000712a00000, 0x0000000712a00000| Untracked 
| 149|0x0000000712a00000, 0x0000000712c00000, 0x0000000712c00000|100%| O|  |TAMS 0x0000000712c00000, 0x0000000712c00000| Untracked 
| 150|0x0000000712c00000, 0x0000000712e00000, 0x0000000712e00000|100%| O|  |TAMS 0x0000000712e00000, 0x0000000712e00000| Untracked 
| 151|0x0000000712e00000, 0x0000000713000000, 0x0000000713000000|100%| O|  |TAMS 0x0000000713000000, 0x0000000713000000| Untracked 
| 152|0x0000000713000000, 0x00000007131af5b8, 0x0000000713200000| 84%| O|  |TAMS 0x00000007131af5b8, 0x00000007131af5b8| Untracked 
| 153|0x0000000713200000, 0x0000000713400000, 0x0000000713400000|100%| O|  |TAMS 0x0000000713400000, 0x0000000713400000| Untracked 
| 154|0x0000000713400000, 0x0000000713600000, 0x0000000713600000|100%| O|  |TAMS 0x0000000713600000, 0x0000000713600000| Untracked 
| 155|0x0000000713600000, 0x0000000713800000, 0x0000000713800000|100%| O|  |TAMS 0x0000000713800000, 0x0000000713800000| Untracked 
| 156|0x0000000713800000, 0x0000000713a00000, 0x0000000713a00000|100%| O|  |TAMS 0x0000000713a00000, 0x0000000713a00000| Untracked 
| 157|0x0000000713a00000, 0x0000000713c00000, 0x0000000713c00000|100%| O|  |TAMS 0x0000000713c00000, 0x0000000713c00000| Untracked 
| 158|0x0000000713c00000, 0x0000000713e00000, 0x0000000713e00000|100%| O|  |TAMS 0x0000000713e00000, 0x0000000713e00000| Untracked 
| 159|0x0000000713e00000, 0x0000000714000000, 0x0000000714000000|100%| O|  |TAMS 0x0000000714000000, 0x0000000714000000| Untracked 
| 160|0x0000000714000000, 0x00000007141ffff0, 0x0000000714200000| 99%| O|  |TAMS 0x00000007141ffff0, 0x00000007141ffff0| Untracked 
| 161|0x0000000714200000, 0x0000000714400000, 0x0000000714400000|100%| O|  |TAMS 0x0000000714400000, 0x0000000714400000| Untracked 
| 162|0x0000000714400000, 0x0000000714600000, 0x0000000714600000|100%| O|  |TAMS 0x0000000714600000, 0x0000000714600000| Untracked 
| 163|0x0000000714600000, 0x0000000714800000, 0x0000000714800000|100%| O|  |TAMS 0x0000000714600000, 0x0000000714800000| Untracked 
| 164|0x0000000714800000, 0x0000000714800000, 0x0000000714a00000|  0%| F|  |TAMS 0x0000000714800000, 0x0000000714800000| Untracked 
| 165|0x0000000714a00000, 0x0000000714c00000, 0x0000000714c00000|100%| O|  |TAMS 0x0000000714c00000, 0x0000000714c00000| Untracked 
| 166|0x0000000714c00000, 0x0000000714e00000, 0x0000000714e00000|100%| O|  |TAMS 0x0000000714e00000, 0x0000000714e00000| Untracked 
| 167|0x0000000714e00000, 0x0000000715000000, 0x0000000715000000|100%| O|  |TAMS 0x0000000715000000, 0x0000000715000000| Untracked 
| 168|0x0000000715000000, 0x0000000715200000, 0x0000000715200000|100%| O|  |TAMS 0x0000000715200000, 0x0000000715200000| Untracked 
| 169|0x0000000715200000, 0x0000000715400000, 0x0000000715400000|100%| O|  |TAMS 0x0000000715400000, 0x0000000715400000| Untracked 
| 170|0x0000000715400000, 0x0000000715600000, 0x0000000715600000|100%| O|  |TAMS 0x0000000715600000, 0x0000000715600000| Untracked 
| 171|0x0000000715600000, 0x0000000715800000, 0x0000000715800000|100%| O|  |TAMS 0x0000000715800000, 0x0000000715800000| Untracked 
| 172|0x0000000715800000, 0x0000000715a00000, 0x0000000715a00000|100%| O|  |TAMS 0x0000000715a00000, 0x0000000715a00000| Untracked 
| 173|0x0000000715a00000, 0x0000000715c00000, 0x0000000715c00000|100%| O|  |TAMS 0x0000000715c00000, 0x0000000715c00000| Untracked 
| 174|0x0000000715c00000, 0x0000000715e00000, 0x0000000715e00000|100%| O|  |TAMS 0x0000000715e00000, 0x0000000715e00000| Untracked 
| 175|0x0000000715e00000, 0x0000000716000000, 0x0000000716000000|100%| O|  |TAMS 0x0000000716000000, 0x0000000716000000| Untracked 
| 176|0x0000000716000000, 0x0000000716200000, 0x0000000716200000|100%| O|  |TAMS 0x0000000716200000, 0x0000000716200000| Untracked 
| 177|0x0000000716200000, 0x0000000716400000, 0x0000000716400000|100%| O|  |TAMS 0x0000000716400000, 0x0000000716400000| Untracked 
| 178|0x0000000716400000, 0x0000000716600000, 0x0000000716600000|100%| O|  |TAMS 0x0000000716600000, 0x0000000716600000| Untracked 
| 179|0x0000000716600000, 0x0000000716800000, 0x0000000716800000|100%| O|  |TAMS 0x0000000716800000, 0x0000000716800000| Untracked 
| 180|0x0000000716800000, 0x0000000716a00000, 0x0000000716a00000|100%| O|  |TAMS 0x0000000716a00000, 0x0000000716a00000| Untracked 
| 181|0x0000000716a00000, 0x0000000716c00000, 0x0000000716c00000|100%| O|  |TAMS 0x0000000716c00000, 0x0000000716c00000| Untracked 
| 182|0x0000000716c00000, 0x0000000716e00000, 0x0000000716e00000|100%| O|  |TAMS 0x0000000716e00000, 0x0000000716e00000| Untracked 
| 183|0x0000000716e00000, 0x0000000717000000, 0x0000000717000000|100%| O|  |TAMS 0x0000000717000000, 0x0000000717000000| Untracked 
| 184|0x0000000717000000, 0x0000000717200000, 0x0000000717200000|100%| O|  |TAMS 0x0000000717200000, 0x0000000717200000| Untracked 
| 185|0x0000000717200000, 0x0000000717400000, 0x0000000717400000|100%| O|  |TAMS 0x0000000717400000, 0x0000000717400000| Untracked 
| 186|0x0000000717400000, 0x0000000717600000, 0x0000000717600000|100%| O|  |TAMS 0x0000000717600000, 0x0000000717600000| Untracked 
| 187|0x0000000717600000, 0x0000000717600000, 0x0000000717800000|  0%| F|  |TAMS 0x0000000717600000, 0x0000000717600000| Untracked 
| 188|0x0000000717800000, 0x0000000717a00000, 0x0000000717a00000|100%| O|  |TAMS 0x00000007178d5800, 0x0000000717a00000| Untracked 
| 189|0x0000000717a00000, 0x0000000717c00000, 0x0000000717c00000|100%| O|  |TAMS 0x0000000717a00000, 0x0000000717c00000| Untracked 
| 190|0x0000000717c00000, 0x0000000717c20200, 0x0000000717e00000|  6%| O|  |TAMS 0x0000000717c00000, 0x0000000717c20200| Untracked 
| 191|0x0000000717e00000, 0x0000000717e00000, 0x0000000718000000|  0%| F|  |TAMS 0x0000000717e00000, 0x0000000717e00000| Untracked 
| 192|0x0000000718000000, 0x0000000718000000, 0x0000000718200000|  0%| F|  |TAMS 0x0000000718000000, 0x0000000718000000| Untracked 
| 193|0x0000000718200000, 0x0000000718200000, 0x0000000718400000|  0%| F|  |TAMS 0x0000000718200000, 0x0000000718200000| Untracked 
| 194|0x0000000718400000, 0x0000000718400000, 0x0000000718600000|  0%| F|  |TAMS 0x0000000718400000, 0x0000000718400000| Untracked 
| 195|0x0000000718600000, 0x0000000718600000, 0x0000000718800000|  0%| F|  |TAMS 0x0000000718600000, 0x0000000718600000| Untracked 
| 196|0x0000000718800000, 0x0000000718800000, 0x0000000718a00000|  0%| F|  |TAMS 0x0000000718800000, 0x0000000718800000| Untracked 
| 197|0x0000000718a00000, 0x0000000718a00000, 0x0000000718c00000|  0%| F|  |TAMS 0x0000000718a00000, 0x0000000718a00000| Untracked 
| 198|0x0000000718c00000, 0x0000000718c00000, 0x0000000718e00000|  0%| F|  |TAMS 0x0000000718c00000, 0x0000000718c00000| Untracked 
| 199|0x0000000718e00000, 0x0000000718e00000, 0x0000000719000000|  0%| F|  |TAMS 0x0000000718e00000, 0x0000000718e00000| Untracked 
| 200|0x0000000719000000, 0x0000000719000000, 0x0000000719200000|  0%| F|  |TAMS 0x0000000719000000, 0x0000000719000000| Untracked 
| 201|0x0000000719200000, 0x0000000719200000, 0x0000000719400000|  0%| F|  |TAMS 0x0000000719200000, 0x0000000719200000| Untracked 
| 202|0x0000000719400000, 0x0000000719400000, 0x0000000719600000|  0%| F|  |TAMS 0x0000000719400000, 0x0000000719400000| Untracked 
| 203|0x0000000719600000, 0x0000000719600000, 0x0000000719800000|  0%| F|  |TAMS 0x0000000719600000, 0x0000000719600000| Untracked 
| 204|0x0000000719800000, 0x0000000719800000, 0x0000000719a00000|  0%| F|  |TAMS 0x0000000719800000, 0x0000000719800000| Untracked 
| 205|0x0000000719a00000, 0x0000000719a00000, 0x0000000719c00000|  0%| F|  |TAMS 0x0000000719a00000, 0x0000000719a00000| Untracked 
| 206|0x0000000719c00000, 0x0000000719c00000, 0x0000000719e00000|  0%| F|  |TAMS 0x0000000719c00000, 0x0000000719c00000| Untracked 
| 207|0x0000000719e00000, 0x0000000719e00000, 0x000000071a000000|  0%| F|  |TAMS 0x0000000719e00000, 0x0000000719e00000| Untracked 
| 208|0x000000071a000000, 0x000000071a000000, 0x000000071a200000|  0%| F|  |TAMS 0x000000071a000000, 0x000000071a000000| Untracked 
| 209|0x000000071a200000, 0x000000071a200000, 0x000000071a400000|  0%| F|  |TAMS 0x000000071a200000, 0x000000071a200000| Untracked 
| 210|0x000000071a400000, 0x000000071a400000, 0x000000071a600000|  0%| F|  |TAMS 0x000000071a400000, 0x000000071a400000| Untracked 
| 211|0x000000071a600000, 0x000000071a600000, 0x000000071a800000|  0%| F|  |TAMS 0x000000071a600000, 0x000000071a600000| Untracked 
| 212|0x000000071a800000, 0x000000071a800000, 0x000000071aa00000|  0%| F|  |TAMS 0x000000071a800000, 0x000000071a800000| Untracked 
| 213|0x000000071aa00000, 0x000000071aa00000, 0x000000071ac00000|  0%| F|  |TAMS 0x000000071aa00000, 0x000000071aa00000| Untracked 
| 214|0x000000071ac00000, 0x000000071ac00000, 0x000000071ae00000|  0%| F|  |TAMS 0x000000071ac00000, 0x000000071ac00000| Untracked 
| 215|0x000000071ae00000, 0x000000071ae00000, 0x000000071b000000|  0%| F|  |TAMS 0x000000071ae00000, 0x000000071ae00000| Untracked 
| 216|0x000000071b000000, 0x000000071b000000, 0x000000071b200000|  0%| F|  |TAMS 0x000000071b000000, 0x000000071b000000| Untracked 
| 217|0x000000071b200000, 0x000000071b200000, 0x000000071b400000|  0%| F|  |TAMS 0x000000071b200000, 0x000000071b200000| Untracked 
| 218|0x000000071b400000, 0x000000071b400000, 0x000000071b600000|  0%| F|  |TAMS 0x000000071b400000, 0x000000071b400000| Untracked 
| 219|0x000000071b600000, 0x000000071b600000, 0x000000071b800000|  0%| F|  |TAMS 0x000000071b600000, 0x000000071b600000| Untracked 
| 220|0x000000071b800000, 0x000000071b800000, 0x000000071ba00000|  0%| F|  |TAMS 0x000000071b800000, 0x000000071b800000| Untracked 
| 221|0x000000071ba00000, 0x000000071ba00000, 0x000000071bc00000|  0%| F|  |TAMS 0x000000071ba00000, 0x000000071ba00000| Untracked 
| 222|0x000000071bc00000, 0x000000071bc00000, 0x000000071be00000|  0%| F|  |TAMS 0x000000071bc00000, 0x000000071bc00000| Untracked 
| 223|0x000000071be00000, 0x000000071be00000, 0x000000071c000000|  0%| F|  |TAMS 0x000000071be00000, 0x000000071be00000| Untracked 
| 224|0x000000071c000000, 0x000000071c000000, 0x000000071c200000|  0%| F|  |TAMS 0x000000071c000000, 0x000000071c000000| Untracked 
| 225|0x000000071c200000, 0x000000071c200000, 0x000000071c400000|  0%| F|  |TAMS 0x000000071c200000, 0x000000071c200000| Untracked 
| 226|0x000000071c400000, 0x000000071c400000, 0x000000071c600000|  0%| F|  |TAMS 0x000000071c400000, 0x000000071c400000| Untracked 
| 227|0x000000071c600000, 0x000000071c600000, 0x000000071c800000|  0%| F|  |TAMS 0x000000071c600000, 0x000000071c600000| Untracked 
| 228|0x000000071c800000, 0x000000071c800000, 0x000000071ca00000|  0%| F|  |TAMS 0x000000071c800000, 0x000000071c800000| Untracked 
| 229|0x000000071ca00000, 0x000000071ca00000, 0x000000071cc00000|  0%| F|  |TAMS 0x000000071ca00000, 0x000000071ca00000| Untracked 
| 230|0x000000071cc00000, 0x000000071cc00000, 0x000000071ce00000|  0%| F|  |TAMS 0x000000071cc00000, 0x000000071cc00000| Untracked 
| 231|0x000000071ce00000, 0x000000071ce00000, 0x000000071d000000|  0%| F|  |TAMS 0x000000071ce00000, 0x000000071ce00000| Untracked 
| 232|0x000000071d000000, 0x000000071d000000, 0x000000071d200000|  0%| F|  |TAMS 0x000000071d000000, 0x000000071d000000| Untracked 
| 233|0x000000071d200000, 0x000000071d200000, 0x000000071d400000|  0%| F|  |TAMS 0x000000071d200000, 0x000000071d200000| Untracked 
| 234|0x000000071d400000, 0x000000071d400000, 0x000000071d600000|  0%| F|  |TAMS 0x000000071d400000, 0x000000071d400000| Untracked 
| 235|0x000000071d600000, 0x000000071d600000, 0x000000071d800000|  0%| F|  |TAMS 0x000000071d600000, 0x000000071d600000| Untracked 
| 236|0x000000071d800000, 0x000000071d800000, 0x000000071da00000|  0%| F|  |TAMS 0x000000071d800000, 0x000000071d800000| Untracked 
| 237|0x000000071da00000, 0x000000071da00000, 0x000000071dc00000|  0%| F|  |TAMS 0x000000071da00000, 0x000000071da00000| Untracked 
| 238|0x000000071dc00000, 0x000000071dc00000, 0x000000071de00000|  0%| F|  |TAMS 0x000000071dc00000, 0x000000071dc00000| Untracked 
| 239|0x000000071de00000, 0x000000071de00000, 0x000000071e000000|  0%| F|  |TAMS 0x000000071de00000, 0x000000071de00000| Untracked 
| 240|0x000000071e000000, 0x000000071e000000, 0x000000071e200000|  0%| F|  |TAMS 0x000000071e000000, 0x000000071e000000| Untracked 
| 241|0x000000071e200000, 0x000000071e200000, 0x000000071e400000|  0%| F|  |TAMS 0x000000071e200000, 0x000000071e200000| Untracked 
| 242|0x000000071e400000, 0x000000071e400000, 0x000000071e600000|  0%| F|  |TAMS 0x000000071e400000, 0x000000071e400000| Untracked 
| 243|0x000000071e600000, 0x000000071e600000, 0x000000071e800000|  0%| F|  |TAMS 0x000000071e600000, 0x000000071e600000| Untracked 
| 244|0x000000071e800000, 0x000000071e800000, 0x000000071ea00000|  0%| F|  |TAMS 0x000000071e800000, 0x000000071e800000| Untracked 
| 245|0x000000071ea00000, 0x000000071ea00000, 0x000000071ec00000|  0%| F|  |TAMS 0x000000071ea00000, 0x000000071ea00000| Untracked 
| 246|0x000000071ec00000, 0x000000071ec00000, 0x000000071ee00000|  0%| F|  |TAMS 0x000000071ec00000, 0x000000071ec00000| Untracked 
| 247|0x000000071ee00000, 0x000000071ee00000, 0x000000071f000000|  0%| F|  |TAMS 0x000000071ee00000, 0x000000071ee00000| Untracked 
| 248|0x000000071f000000, 0x000000071f200000, 0x000000071f200000|100%| O|  |TAMS 0x000000071f200000, 0x000000071f200000| Untracked 
| 249|0x000000071f200000, 0x000000071f200000, 0x000000071f400000|  0%| F|  |TAMS 0x000000071f200000, 0x000000071f200000| Untracked 
| 250|0x000000071f400000, 0x000000071f400000, 0x000000071f600000|  0%| F|  |TAMS 0x000000071f400000, 0x000000071f400000| Untracked 
| 251|0x000000071f600000, 0x000000071f600000, 0x000000071f800000|  0%| F|  |TAMS 0x000000071f600000, 0x000000071f600000| Untracked 
| 252|0x000000071f800000, 0x000000071f800000, 0x000000071fa00000|  0%| F|  |TAMS 0x000000071f800000, 0x000000071f800000| Untracked 
| 253|0x000000071fa00000, 0x000000071fa00000, 0x000000071fc00000|  0%| F|  |TAMS 0x000000071fa00000, 0x000000071fa00000| Untracked 
| 254|0x000000071fc00000, 0x000000071fc00000, 0x000000071fe00000|  0%| F|  |TAMS 0x000000071fc00000, 0x000000071fc00000| Untracked 
| 255|0x000000071fe00000, 0x000000071fe00000, 0x0000000720000000|  0%| F|  |TAMS 0x000000071fe00000, 0x000000071fe00000| Untracked 
| 256|0x0000000720000000, 0x0000000720000000, 0x0000000720200000|  0%| F|  |TAMS 0x0000000720000000, 0x0000000720000000| Untracked 
| 257|0x0000000720200000, 0x0000000720200000, 0x0000000720400000|  0%| F|  |TAMS 0x0000000720200000, 0x0000000720200000| Untracked 
| 258|0x0000000720400000, 0x00000007204963d8, 0x0000000720600000| 29%| S|CS|TAMS 0x0000000720400000, 0x0000000720400000| Complete 
| 259|0x0000000720600000, 0x0000000720800000, 0x0000000720800000|100%| S|CS|TAMS 0x0000000720600000, 0x0000000720600000| Complete 
| 260|0x0000000720800000, 0x0000000720a00000, 0x0000000720a00000|100%| S|CS|TAMS 0x0000000720800000, 0x0000000720800000| Complete 
| 261|0x0000000720a00000, 0x0000000720c00000, 0x0000000720c00000|100%| S|CS|TAMS 0x0000000720a00000, 0x0000000720a00000| Complete 
| 262|0x0000000720c00000, 0x0000000720e00000, 0x0000000720e00000|100%| S|CS|TAMS 0x0000000720c00000, 0x0000000720c00000| Complete 
| 263|0x0000000720e00000, 0x0000000721000000, 0x0000000721000000|100%| S|CS|TAMS 0x0000000720e00000, 0x0000000720e00000| Complete 
| 264|0x0000000721000000, 0x0000000721000000, 0x0000000721200000|  0%| F|  |TAMS 0x0000000721000000, 0x0000000721000000| Untracked 
| 265|0x0000000721200000, 0x0000000721200000, 0x0000000721400000|  0%| F|  |TAMS 0x0000000721200000, 0x0000000721200000| Untracked 
| 266|0x0000000721400000, 0x0000000721400000, 0x0000000721600000|  0%| F|  |TAMS 0x0000000721400000, 0x0000000721400000| Untracked 
| 267|0x0000000721600000, 0x0000000721600000, 0x0000000721800000|  0%| F|  |TAMS 0x0000000721600000, 0x0000000721600000| Untracked 
| 268|0x0000000721800000, 0x0000000721800000, 0x0000000721a00000|  0%| F|  |TAMS 0x0000000721800000, 0x0000000721800000| Untracked 
| 269|0x0000000721a00000, 0x0000000721a00000, 0x0000000721c00000|  0%| F|  |TAMS 0x0000000721a00000, 0x0000000721a00000| Untracked 
| 270|0x0000000721c00000, 0x0000000721c00000, 0x0000000721e00000|  0%| F|  |TAMS 0x0000000721c00000, 0x0000000721c00000| Untracked 
| 271|0x0000000721e00000, 0x0000000721e00000, 0x0000000722000000|  0%| F|  |TAMS 0x0000000721e00000, 0x0000000721e00000| Untracked 
| 272|0x0000000722000000, 0x0000000722000000, 0x0000000722200000|  0%| F|  |TAMS 0x0000000722000000, 0x0000000722000000| Untracked 
| 273|0x0000000722200000, 0x0000000722200000, 0x0000000722400000|  0%| F|  |TAMS 0x0000000722200000, 0x0000000722200000| Untracked 
| 274|0x0000000722400000, 0x0000000722400000, 0x0000000722600000|  0%| F|  |TAMS 0x0000000722400000, 0x0000000722400000| Untracked 
| 275|0x0000000722600000, 0x0000000722600000, 0x0000000722800000|  0%| F|  |TAMS 0x0000000722600000, 0x0000000722600000| Untracked 
| 276|0x0000000722800000, 0x0000000722800000, 0x0000000722a00000|  0%| F|  |TAMS 0x0000000722800000, 0x0000000722800000| Untracked 
| 277|0x0000000722a00000, 0x0000000722a00000, 0x0000000722c00000|  0%| F|  |TAMS 0x0000000722a00000, 0x0000000722a00000| Untracked 
| 278|0x0000000722c00000, 0x0000000722c00000, 0x0000000722e00000|  0%| F|  |TAMS 0x0000000722c00000, 0x0000000722c00000| Untracked 
| 279|0x0000000722e00000, 0x0000000722e00000, 0x0000000723000000|  0%| F|  |TAMS 0x0000000722e00000, 0x0000000722e00000| Untracked 
| 280|0x0000000723000000, 0x0000000723000000, 0x0000000723200000|  0%| F|  |TAMS 0x0000000723000000, 0x0000000723000000| Untracked 
| 281|0x0000000723200000, 0x0000000723200000, 0x0000000723400000|  0%| F|  |TAMS 0x0000000723200000, 0x0000000723200000| Untracked 
| 282|0x0000000723400000, 0x0000000723400000, 0x0000000723600000|  0%| F|  |TAMS 0x0000000723400000, 0x0000000723400000| Untracked 
| 283|0x0000000723600000, 0x0000000723600000, 0x0000000723800000|  0%| F|  |TAMS 0x0000000723600000, 0x0000000723600000| Untracked 
| 284|0x0000000723800000, 0x0000000723800000, 0x0000000723a00000|  0%| F|  |TAMS 0x0000000723800000, 0x0000000723800000| Untracked 
| 285|0x0000000723a00000, 0x0000000723a00000, 0x0000000723c00000|  0%| F|  |TAMS 0x0000000723a00000, 0x0000000723a00000| Untracked 
| 286|0x0000000723c00000, 0x0000000723c00000, 0x0000000723e00000|  0%| F|  |TAMS 0x0000000723c00000, 0x0000000723c00000| Untracked 
| 287|0x0000000723e00000, 0x0000000723e00000, 0x0000000724000000|  0%| F|  |TAMS 0x0000000723e00000, 0x0000000723e00000| Untracked 
| 288|0x0000000724000000, 0x0000000724000000, 0x0000000724200000|  0%| F|  |TAMS 0x0000000724000000, 0x0000000724000000| Untracked 
| 289|0x0000000724200000, 0x0000000724200000, 0x0000000724400000|  0%| F|  |TAMS 0x0000000724200000, 0x0000000724200000| Untracked 
| 290|0x0000000724400000, 0x0000000724400000, 0x0000000724600000|  0%| F|  |TAMS 0x0000000724400000, 0x0000000724400000| Untracked 
| 291|0x0000000724600000, 0x0000000724600000, 0x0000000724800000|  0%| F|  |TAMS 0x0000000724600000, 0x0000000724600000| Untracked 
| 292|0x0000000724800000, 0x0000000724800000, 0x0000000724a00000|  0%| F|  |TAMS 0x0000000724800000, 0x0000000724800000| Untracked 
| 293|0x0000000724a00000, 0x0000000724a00000, 0x0000000724c00000|  0%| F|  |TAMS 0x0000000724a00000, 0x0000000724a00000| Untracked 
| 294|0x0000000724c00000, 0x0000000724c00000, 0x0000000724e00000|  0%| F|  |TAMS 0x0000000724c00000, 0x0000000724c00000| Untracked 
| 295|0x0000000724e00000, 0x0000000724e00000, 0x0000000725000000|  0%| F|  |TAMS 0x0000000724e00000, 0x0000000724e00000| Untracked 
| 296|0x0000000725000000, 0x0000000725000000, 0x0000000725200000|  0%| F|  |TAMS 0x0000000725000000, 0x0000000725000000| Untracked 
| 297|0x0000000725200000, 0x0000000725200000, 0x0000000725400000|  0%| F|  |TAMS 0x0000000725200000, 0x0000000725200000| Untracked 
| 298|0x0000000725400000, 0x0000000725400000, 0x0000000725600000|  0%| F|  |TAMS 0x0000000725400000, 0x0000000725400000| Untracked 
| 299|0x0000000725600000, 0x0000000725600000, 0x0000000725800000|  0%| F|  |TAMS 0x0000000725600000, 0x0000000725600000| Untracked 
| 300|0x0000000725800000, 0x0000000725800000, 0x0000000725a00000|  0%| F|  |TAMS 0x0000000725800000, 0x0000000725800000| Untracked 
| 301|0x0000000725a00000, 0x0000000725a00000, 0x0000000725c00000|  0%| F|  |TAMS 0x0000000725a00000, 0x0000000725a00000| Untracked 
| 302|0x0000000725c00000, 0x0000000725c00000, 0x0000000725e00000|  0%| F|  |TAMS 0x0000000725c00000, 0x0000000725c00000| Untracked 
| 303|0x0000000725e00000, 0x0000000725e00000, 0x0000000726000000|  0%| F|  |TAMS 0x0000000725e00000, 0x0000000725e00000| Untracked 
| 304|0x0000000726000000, 0x0000000726000000, 0x0000000726200000|  0%| F|  |TAMS 0x0000000726000000, 0x0000000726000000| Untracked 
| 305|0x0000000726200000, 0x0000000726200000, 0x0000000726400000|  0%| F|  |TAMS 0x0000000726200000, 0x0000000726200000| Untracked 
| 306|0x0000000726400000, 0x0000000726400000, 0x0000000726600000|  0%| F|  |TAMS 0x0000000726400000, 0x0000000726400000| Untracked 
| 307|0x0000000726600000, 0x0000000726600000, 0x0000000726800000|  0%| F|  |TAMS 0x0000000726600000, 0x0000000726600000| Untracked 
| 308|0x0000000726800000, 0x0000000726800000, 0x0000000726a00000|  0%| F|  |TAMS 0x0000000726800000, 0x0000000726800000| Untracked 
| 309|0x0000000726a00000, 0x0000000726a00000, 0x0000000726c00000|  0%| F|  |TAMS 0x0000000726a00000, 0x0000000726a00000| Untracked 
| 310|0x0000000726c00000, 0x0000000726c00000, 0x0000000726e00000|  0%| F|  |TAMS 0x0000000726c00000, 0x0000000726c00000| Untracked 
| 311|0x0000000726e00000, 0x0000000726e00000, 0x0000000727000000|  0%| F|  |TAMS 0x0000000726e00000, 0x0000000726e00000| Untracked 
| 312|0x0000000727000000, 0x0000000727000000, 0x0000000727200000|  0%| F|  |TAMS 0x0000000727000000, 0x0000000727000000| Untracked 
| 313|0x0000000727200000, 0x0000000727200000, 0x0000000727400000|  0%| F|  |TAMS 0x0000000727200000, 0x0000000727200000| Untracked 
| 314|0x0000000727400000, 0x0000000727400000, 0x0000000727600000|  0%| F|  |TAMS 0x0000000727400000, 0x0000000727400000| Untracked 
| 315|0x0000000727600000, 0x0000000727600000, 0x0000000727800000|  0%| F|  |TAMS 0x0000000727600000, 0x0000000727600000| Untracked 
| 316|0x0000000727800000, 0x0000000727800000, 0x0000000727a00000|  0%| F|  |TAMS 0x0000000727800000, 0x0000000727800000| Untracked 
| 317|0x0000000727a00000, 0x0000000727a00000, 0x0000000727c00000|  0%| F|  |TAMS 0x0000000727a00000, 0x0000000727a00000| Untracked 
| 318|0x0000000727c00000, 0x0000000727c00000, 0x0000000727e00000|  0%| F|  |TAMS 0x0000000727c00000, 0x0000000727c00000| Untracked 
| 319|0x0000000727e00000, 0x0000000727e00000, 0x0000000728000000|  0%| F|  |TAMS 0x0000000727e00000, 0x0000000727e00000| Untracked 
| 320|0x0000000728000000, 0x0000000728000000, 0x0000000728200000|  0%| F|  |TAMS 0x0000000728000000, 0x0000000728000000| Untracked 
| 321|0x0000000728200000, 0x0000000728200000, 0x0000000728400000|  0%| F|  |TAMS 0x0000000728200000, 0x0000000728200000| Untracked 
| 322|0x0000000728400000, 0x0000000728400000, 0x0000000728600000|  0%| F|  |TAMS 0x0000000728400000, 0x0000000728400000| Untracked 
| 323|0x0000000728600000, 0x0000000728600000, 0x0000000728800000|  0%| F|  |TAMS 0x0000000728600000, 0x0000000728600000| Untracked 
| 324|0x0000000728800000, 0x0000000728800000, 0x0000000728a00000|  0%| F|  |TAMS 0x0000000728800000, 0x0000000728800000| Untracked 
| 325|0x0000000728a00000, 0x0000000728a00000, 0x0000000728c00000|  0%| F|  |TAMS 0x0000000728a00000, 0x0000000728a00000| Untracked 
| 326|0x0000000728c00000, 0x0000000728c00000, 0x0000000728e00000|  0%| F|  |TAMS 0x0000000728c00000, 0x0000000728c00000| Untracked 
| 327|0x0000000728e00000, 0x0000000728e00000, 0x0000000729000000|  0%| F|  |TAMS 0x0000000728e00000, 0x0000000728e00000| Untracked 
| 328|0x0000000729000000, 0x0000000729000000, 0x0000000729200000|  0%| F|  |TAMS 0x0000000729000000, 0x0000000729000000| Untracked 
| 329|0x0000000729200000, 0x0000000729200000, 0x0000000729400000|  0%| F|  |TAMS 0x0000000729200000, 0x0000000729200000| Untracked 
| 330|0x0000000729400000, 0x0000000729400000, 0x0000000729600000|  0%| F|  |TAMS 0x0000000729400000, 0x0000000729400000| Untracked 
| 331|0x0000000729600000, 0x0000000729600000, 0x0000000729800000|  0%| F|  |TAMS 0x0000000729600000, 0x0000000729600000| Untracked 
| 332|0x0000000729800000, 0x0000000729800000, 0x0000000729a00000|  0%| F|  |TAMS 0x0000000729800000, 0x0000000729800000| Untracked 
| 333|0x0000000729a00000, 0x0000000729a00000, 0x0000000729c00000|  0%| F|  |TAMS 0x0000000729a00000, 0x0000000729a00000| Untracked 
| 334|0x0000000729c00000, 0x0000000729c00000, 0x0000000729e00000|  0%| F|  |TAMS 0x0000000729c00000, 0x0000000729c00000| Untracked 
| 335|0x0000000729e00000, 0x0000000729e00000, 0x000000072a000000|  0%| F|  |TAMS 0x0000000729e00000, 0x0000000729e00000| Untracked 
| 336|0x000000072a000000, 0x000000072a000000, 0x000000072a200000|  0%| F|  |TAMS 0x000000072a000000, 0x000000072a000000| Untracked 
| 337|0x000000072a200000, 0x000000072a200000, 0x000000072a400000|  0%| F|  |TAMS 0x000000072a200000, 0x000000072a200000| Untracked 
| 338|0x000000072a400000, 0x000000072a400000, 0x000000072a600000|  0%| F|  |TAMS 0x000000072a400000, 0x000000072a400000| Untracked 
| 339|0x000000072a600000, 0x000000072a600000, 0x000000072a800000|  0%| F|  |TAMS 0x000000072a600000, 0x000000072a600000| Untracked 
| 340|0x000000072a800000, 0x000000072a800000, 0x000000072aa00000|  0%| F|  |TAMS 0x000000072a800000, 0x000000072a800000| Untracked 
| 341|0x000000072aa00000, 0x000000072aa00000, 0x000000072ac00000|  0%| F|  |TAMS 0x000000072aa00000, 0x000000072aa00000| Untracked 
| 342|0x000000072ac00000, 0x000000072ac00000, 0x000000072ae00000|  0%| F|  |TAMS 0x000000072ac00000, 0x000000072ac00000| Untracked 
| 343|0x000000072ae00000, 0x000000072ae00000, 0x000000072b000000|  0%| F|  |TAMS 0x000000072ae00000, 0x000000072ae00000| Untracked 
| 344|0x000000072b000000, 0x000000072b000000, 0x000000072b200000|  0%| F|  |TAMS 0x000000072b000000, 0x000000072b000000| Untracked 
| 345|0x000000072b200000, 0x000000072b200000, 0x000000072b400000|  0%| F|  |TAMS 0x000000072b200000, 0x000000072b200000| Untracked 
| 346|0x000000072b400000, 0x000000072b400000, 0x000000072b600000|  0%| F|  |TAMS 0x000000072b400000, 0x000000072b400000| Untracked 
| 347|0x000000072b600000, 0x000000072b600000, 0x000000072b800000|  0%| F|  |TAMS 0x000000072b600000, 0x000000072b600000| Untracked 
| 348|0x000000072b800000, 0x000000072b800000, 0x000000072ba00000|  0%| F|  |TAMS 0x000000072b800000, 0x000000072b800000| Untracked 
| 349|0x000000072ba00000, 0x000000072ba00000, 0x000000072bc00000|  0%| F|  |TAMS 0x000000072ba00000, 0x000000072ba00000| Untracked 
| 350|0x000000072bc00000, 0x000000072bc00000, 0x000000072be00000|  0%| F|  |TAMS 0x000000072bc00000, 0x000000072bc00000| Untracked 
| 351|0x000000072be00000, 0x000000072be00000, 0x000000072c000000|  0%| F|  |TAMS 0x000000072be00000, 0x000000072be00000| Untracked 
| 352|0x000000072c000000, 0x000000072c000000, 0x000000072c200000|  0%| F|  |TAMS 0x000000072c000000, 0x000000072c000000| Untracked 
| 353|0x000000072c200000, 0x000000072c200000, 0x000000072c400000|  0%| F|  |TAMS 0x000000072c200000, 0x000000072c200000| Untracked 
| 354|0x000000072c400000, 0x000000072c400000, 0x000000072c600000|  0%| F|  |TAMS 0x000000072c400000, 0x000000072c400000| Untracked 
| 355|0x000000072c600000, 0x000000072c600000, 0x000000072c800000|  0%| F|  |TAMS 0x000000072c600000, 0x000000072c600000| Untracked 
| 356|0x000000072c800000, 0x000000072c800000, 0x000000072ca00000|  0%| F|  |TAMS 0x000000072c800000, 0x000000072c800000| Untracked 
| 357|0x000000072ca00000, 0x000000072ca00000, 0x000000072cc00000|  0%| F|  |TAMS 0x000000072ca00000, 0x000000072ca00000| Untracked 
| 358|0x000000072cc00000, 0x000000072cc00000, 0x000000072ce00000|  0%| F|  |TAMS 0x000000072cc00000, 0x000000072cc00000| Untracked 
| 359|0x000000072ce00000, 0x000000072ce00000, 0x000000072d000000|  0%| F|  |TAMS 0x000000072ce00000, 0x000000072ce00000| Untracked 
| 360|0x000000072d000000, 0x000000072d000000, 0x000000072d200000|  0%| F|  |TAMS 0x000000072d000000, 0x000000072d000000| Untracked 
| 361|0x000000072d200000, 0x000000072d200000, 0x000000072d400000|  0%| F|  |TAMS 0x000000072d200000, 0x000000072d200000| Untracked 
| 362|0x000000072d400000, 0x000000072d400000, 0x000000072d600000|  0%| F|  |TAMS 0x000000072d400000, 0x000000072d400000| Untracked 
| 363|0x000000072d600000, 0x000000072d600000, 0x000000072d800000|  0%| F|  |TAMS 0x000000072d600000, 0x000000072d600000| Untracked 
| 364|0x000000072d800000, 0x000000072d800000, 0x000000072da00000|  0%| F|  |TAMS 0x000000072d800000, 0x000000072d800000| Untracked 
| 365|0x000000072da00000, 0x000000072da00000, 0x000000072dc00000|  0%| F|  |TAMS 0x000000072da00000, 0x000000072da00000| Untracked 
| 366|0x000000072dc00000, 0x000000072dc00000, 0x000000072de00000|  0%| F|  |TAMS 0x000000072dc00000, 0x000000072dc00000| Untracked 
| 367|0x000000072de00000, 0x000000072de00000, 0x000000072e000000|  0%| F|  |TAMS 0x000000072de00000, 0x000000072de00000| Untracked 
| 368|0x000000072e000000, 0x000000072e000000, 0x000000072e200000|  0%| F|  |TAMS 0x000000072e000000, 0x000000072e000000| Untracked 
| 369|0x000000072e200000, 0x000000072e200000, 0x000000072e400000|  0%| F|  |TAMS 0x000000072e200000, 0x000000072e200000| Untracked 
| 370|0x000000072e400000, 0x000000072e400000, 0x000000072e600000|  0%| F|  |TAMS 0x000000072e400000, 0x000000072e400000| Untracked 
| 371|0x000000072e600000, 0x000000072e600000, 0x000000072e800000|  0%| F|  |TAMS 0x000000072e600000, 0x000000072e600000| Untracked 
| 372|0x000000072e800000, 0x000000072e800000, 0x000000072ea00000|  0%| F|  |TAMS 0x000000072e800000, 0x000000072e800000| Untracked 
| 373|0x000000072ea00000, 0x000000072ea00000, 0x000000072ec00000|  0%| F|  |TAMS 0x000000072ea00000, 0x000000072ea00000| Untracked 
| 374|0x000000072ec00000, 0x000000072ec00000, 0x000000072ee00000|  0%| F|  |TAMS 0x000000072ec00000, 0x000000072ec00000| Untracked 
| 375|0x000000072ee00000, 0x000000072ee00000, 0x000000072f000000|  0%| F|  |TAMS 0x000000072ee00000, 0x000000072ee00000| Untracked 
| 376|0x000000072f000000, 0x000000072f000000, 0x000000072f200000|  0%| F|  |TAMS 0x000000072f000000, 0x000000072f000000| Untracked 
| 377|0x000000072f200000, 0x000000072f200000, 0x000000072f400000|  0%| F|  |TAMS 0x000000072f200000, 0x000000072f200000| Untracked 
| 378|0x000000072f400000, 0x000000072f400000, 0x000000072f600000|  0%| F|  |TAMS 0x000000072f400000, 0x000000072f400000| Untracked 
| 379|0x000000072f600000, 0x000000072f600000, 0x000000072f800000|  0%| F|  |TAMS 0x000000072f600000, 0x000000072f600000| Untracked 
| 380|0x000000072f800000, 0x000000072f800000, 0x000000072fa00000|  0%| F|  |TAMS 0x000000072f800000, 0x000000072f800000| Untracked 
| 381|0x000000072fa00000, 0x000000072fa00000, 0x000000072fc00000|  0%| F|  |TAMS 0x000000072fa00000, 0x000000072fa00000| Untracked 
| 382|0x000000072fc00000, 0x000000072fc00000, 0x000000072fe00000|  0%| F|  |TAMS 0x000000072fc00000, 0x000000072fc00000| Untracked 
| 383|0x000000072fe00000, 0x000000072fe00000, 0x0000000730000000|  0%| F|  |TAMS 0x000000072fe00000, 0x000000072fe00000| Untracked 
| 384|0x0000000730000000, 0x0000000730000000, 0x0000000730200000|  0%| F|  |TAMS 0x0000000730000000, 0x0000000730000000| Untracked 
| 385|0x0000000730200000, 0x0000000730200000, 0x0000000730400000|  0%| F|  |TAMS 0x0000000730200000, 0x0000000730200000| Untracked 
| 386|0x0000000730400000, 0x0000000730400000, 0x0000000730600000|  0%| F|  |TAMS 0x0000000730400000, 0x0000000730400000| Untracked 
| 387|0x0000000730600000, 0x0000000730600000, 0x0000000730800000|  0%| F|  |TAMS 0x0000000730600000, 0x0000000730600000| Untracked 
| 388|0x0000000730800000, 0x0000000730800000, 0x0000000730a00000|  0%| F|  |TAMS 0x0000000730800000, 0x0000000730800000| Untracked 
| 389|0x0000000730a00000, 0x0000000730a00000, 0x0000000730c00000|  0%| F|  |TAMS 0x0000000730a00000, 0x0000000730a00000| Untracked 
| 390|0x0000000730c00000, 0x0000000730c00000, 0x0000000730e00000|  0%| F|  |TAMS 0x0000000730c00000, 0x0000000730c00000| Untracked 
| 391|0x0000000730e00000, 0x0000000730e00000, 0x0000000731000000|  0%| F|  |TAMS 0x0000000730e00000, 0x0000000730e00000| Untracked 
| 392|0x0000000731000000, 0x0000000731000000, 0x0000000731200000|  0%| F|  |TAMS 0x0000000731000000, 0x0000000731000000| Untracked 
| 393|0x0000000731200000, 0x0000000731200000, 0x0000000731400000|  0%| F|  |TAMS 0x0000000731200000, 0x0000000731200000| Untracked 
| 394|0x0000000731400000, 0x0000000731400000, 0x0000000731600000|  0%| F|  |TAMS 0x0000000731400000, 0x0000000731400000| Untracked 
| 395|0x0000000731600000, 0x0000000731600000, 0x0000000731800000|  0%| F|  |TAMS 0x0000000731600000, 0x0000000731600000| Untracked 
| 396|0x0000000731800000, 0x0000000731800000, 0x0000000731a00000|  0%| F|  |TAMS 0x0000000731800000, 0x0000000731800000| Untracked 
| 397|0x0000000731a00000, 0x0000000731a00000, 0x0000000731c00000|  0%| F|  |TAMS 0x0000000731a00000, 0x0000000731a00000| Untracked 
| 398|0x0000000731c00000, 0x0000000731c00000, 0x0000000731e00000|  0%| F|  |TAMS 0x0000000731c00000, 0x0000000731c00000| Untracked 
| 399|0x0000000731e00000, 0x0000000731e00000, 0x0000000732000000|  0%| F|  |TAMS 0x0000000731e00000, 0x0000000731e00000| Untracked 
| 400|0x0000000732000000, 0x0000000732000000, 0x0000000732200000|  0%| F|  |TAMS 0x0000000732000000, 0x0000000732000000| Untracked 
| 401|0x0000000732200000, 0x0000000732200000, 0x0000000732400000|  0%| F|  |TAMS 0x0000000732200000, 0x0000000732200000| Untracked 
| 402|0x0000000732400000, 0x0000000732400000, 0x0000000732600000|  0%| F|  |TAMS 0x0000000732400000, 0x0000000732400000| Untracked 
| 403|0x0000000732600000, 0x0000000732600000, 0x0000000732800000|  0%| F|  |TAMS 0x0000000732600000, 0x0000000732600000| Untracked 
| 404|0x0000000732800000, 0x0000000732800000, 0x0000000732a00000|  0%| F|  |TAMS 0x0000000732800000, 0x0000000732800000| Untracked 
| 405|0x0000000732a00000, 0x0000000732a00000, 0x0000000732c00000|  0%| F|  |TAMS 0x0000000732a00000, 0x0000000732a00000| Untracked 
| 406|0x0000000732c00000, 0x0000000732c00000, 0x0000000732e00000|  0%| F|  |TAMS 0x0000000732c00000, 0x0000000732c00000| Untracked 
| 407|0x0000000732e00000, 0x0000000732e00000, 0x0000000733000000|  0%| F|  |TAMS 0x0000000732e00000, 0x0000000732e00000| Untracked 
| 408|0x0000000733000000, 0x0000000733000000, 0x0000000733200000|  0%| F|  |TAMS 0x0000000733000000, 0x0000000733000000| Untracked 
| 409|0x0000000733200000, 0x0000000733200000, 0x0000000733400000|  0%| F|  |TAMS 0x0000000733200000, 0x0000000733200000| Untracked 
| 410|0x0000000733400000, 0x0000000733400000, 0x0000000733600000|  0%| F|  |TAMS 0x0000000733400000, 0x0000000733400000| Untracked 
| 411|0x0000000733600000, 0x0000000733600000, 0x0000000733800000|  0%| F|  |TAMS 0x0000000733600000, 0x0000000733600000| Untracked 
| 412|0x0000000733800000, 0x0000000733800000, 0x0000000733a00000|  0%| F|  |TAMS 0x0000000733800000, 0x0000000733800000| Untracked 
| 413|0x0000000733a00000, 0x0000000733a00000, 0x0000000733c00000|  0%| F|  |TAMS 0x0000000733a00000, 0x0000000733a00000| Untracked 
| 414|0x0000000733c00000, 0x0000000733c00000, 0x0000000733e00000|  0%| F|  |TAMS 0x0000000733c00000, 0x0000000733c00000| Untracked 
| 415|0x0000000733e00000, 0x0000000733e00000, 0x0000000734000000|  0%| F|  |TAMS 0x0000000733e00000, 0x0000000733e00000| Untracked 
| 416|0x0000000734000000, 0x0000000734000000, 0x0000000734200000|  0%| F|  |TAMS 0x0000000734000000, 0x0000000734000000| Untracked 

Card table byte_map: [0x00000217a12e0000,0x00000217a1ae0000] _byte_map_base: 0x000002179dae0000

Marking Bits (Prev, Next): (CMBitMap*) 0x0000021789aae5c0, (CMBitMap*) 0x0000021789aae600
 Prev Bits: [0x00000217a22e0000, 0x00000217a62e0000)
 Next Bits: [0x00000217a62e0000, 0x00000217aa2e0000)

Polling page: 0x0000021787880000

Metaspace:

Usage:
  Non-class:    134.32 MB used.
      Class:     20.46 MB used.
       Both:    154.78 MB used.

Virtual space:
  Non-class space:      192.00 MB reserved,     135.62 MB ( 71%) committed,  3 nodes.
      Class space:      832.00 MB reserved,      21.62 MB (  3%) committed,  1 nodes.
             Both:        1.00 GB reserved,     157.25 MB ( 15%) committed. 

Chunk freelists:
   Non-Class:  7.75 MB
       Class:  10.43 MB
        Both:  18.19 MB

MaxMetaspaceSize: 1.00 GB
CompressedClassSpaceSize: 832.00 MB
Initial GC threshold: 21.00 MB
Current GC threshold: 261.69 MB
CDS: on
MetaspaceReclaimPolicy: balanced
 - commit_granule_bytes: 65536.
 - commit_granule_words: 8192.
 - virtual_space_node_default_size: 8388608.
 - enlarge_chunks_in_place: 1.
 - new_chunks_are_fully_committed: 0.
 - uncommit_free_chunks: 1.
 - use_allocation_guard: 0.
 - handle_deallocations: 1.


Internal statistics:

num_allocs_failed_limit: 15.
num_arena_births: 4120.
num_arena_deaths: 610.
num_vsnodes_births: 4.
num_vsnodes_deaths: 0.
num_space_committed: 2570.
num_space_uncommitted: 56.
num_chunks_returned_to_freelist: 917.
num_chunks_taken_from_freelist: 12427.
num_chunk_merges: 319.
num_chunk_splits: 7242.
num_chunks_enlarged: 3869.
num_inconsistent_stats: 0.

CodeHeap 'non-profiled nmethods': size=120000Kb used=26415Kb max_used=26415Kb free=93584Kb
 bounds [0x0000021799050000, 0x000002179aa30000, 0x00000217a0580000]
CodeHeap 'profiled nmethods': size=120000Kb used=50002Kb max_used=50002Kb free=69997Kb
 bounds [0x0000021791580000, 0x0000021794680000, 0x0000021798ab0000]
CodeHeap 'non-nmethods': size=5760Kb used=2578Kb max_used=2669Kb free=3181Kb
 bounds [0x0000021798ab0000, 0x0000021798d50000, 0x0000021799050000]
 total_blobs=28110 nmethods=26972 adapters=1048
 compilation: enabled
              stopped_count=0, restarted_count=0
 full_count=0

Compilation events (20 events):
Event: 7862.843 Thread 0x00000217acf68b50 35545       3       org.gradle.api.internal.initialization.transform.MergeInstrumentationAnalysisTransform$Inject1::getParameters (31 bytes)
Event: 7862.843 Thread 0x00000217acf68b50 nmethod 35545 0x00000217915e0b10 code [0x00000217915e0d00, 0x00000217915e1358]
Event: 7862.843 Thread 0x00000217acf68b50 35546       3       com.google.common.base.Preconditions::checkNotNull (29 bytes)
Event: 7862.844 Thread 0x00000217acf68b50 nmethod 35546 0x00000217915e0310 code [0x00000217915e04e0, 0x00000217915e0968]
Event: 7862.844 Thread 0x00000217acf68b50 35547       3       org.gradle.api.internal.initialization.transform.services.CacheInstrumentationDataBuildService::getResolutionData (26 bytes)
Event: 7862.844 Thread 0x00000217acf68b50 nmethod 35547 0x00000217915dfb90 code [0x00000217915dfd60, 0x00000217915e01a8]
Event: 7862.849 Thread 0x00000217acf68b50 35548       2       org.gradle.cache.internal.btree.CachingBlockStore::read (56 bytes)
Event: 7862.850 Thread 0x00000217acf68b50 nmethod 35548 0x00000217915dee10 code [0x00000217915df060, 0x00000217915df708]
Event: 7862.879 Thread 0x00000217acf68b50 35551       3       java.io.ObjectOutputStream$BlockDataOutputStream::<init> (57 bytes)
Event: 7862.880 Thread 0x00000217acf68b50 nmethod 35551 0x00000217915ddf90 code [0x00000217915de1a0, 0x00000217915debb8]
Event: 7862.880 Thread 0x00000217acf68b50 35552       3       org.gradle.internal.serialize.ExceptionPlaceholder::convertToExceptionPlaceholderList (113 bytes)
Event: 7862.881 Thread 0x00000217acf68b50 nmethod 35552 0x00000217915dc410 code [0x00000217915dc700, 0x00000217915dda28]
Event: 7862.894 Thread 0x00000217acf68b50 35553       3       org.gradle.internal.serialize.ExceptionPlaceholder::convertStackTrace (56 bytes)
Event: 7862.894 Thread 0x00000217acf68b50 nmethod 35553 0x00000217915db510 code [0x00000217915db720, 0x00000217915dbe88]
Event: 7862.900 Thread 0x00000217acf68b50 35554       3       java.io.ObjectOutputStream$ReplaceTable::<init> (26 bytes)
Event: 7862.900 Thread 0x00000217acf68b50 nmethod 35554 0x000002179449c110 code [0x000002179449c2c0, 0x000002179449c648]
Event: 7862.900 Thread 0x00000217acf68b50 35555       3       org.gradle.api.internal.initialization.transform.MergeInstrumentationAnalysisTransform$Parameters$Inject::getBuildService (34 bytes)
Event: 7862.901 Thread 0x00000217acf68b50 nmethod 35555 0x000002179449b990 code [0x000002179449bb60, 0x000002179449bf78]
Event: 7862.914 Thread 0x00000217acf68b50 35556       1       org.gradle.internal.serialize.ExceptionReplacingObjectOutputStream::setObjectTransformer (6 bytes)
Event: 7862.914 Thread 0x00000217acf68b50 nmethod 35556 0x0000021799151510 code [0x00000217991516a0, 0x00000217991517b8]

GC Heap History (20 events):
Event: 4438.454 GC heap after
{Heap after GC invocations=92 (full 1):
 garbage-first heap   total 854016K, used 242709K [0x0000000700000000, 0x0000000800000000)
  region size 2048K, 0 young (0K), 0 survivors (0K)
 Metaspace       used 149762K, committed 152512K, reserved 1048576K
  class space    used 19752K, committed 21056K, reserved 851968K
}
Event: 7828.442 GC heap before
{Heap before GC invocations=92 (full 1):
 garbage-first heap   total 854016K, used 605205K [0x0000000700000000, 0x0000000800000000)
  region size 2048K, 177 young (362496K), 0 survivors (0K)
 Metaspace       used 150256K, committed 153088K, reserved 1048576K
  class space    used 19776K, committed 21120K, reserved 851968K
}
Event: 7828.597 GC heap after
{Heap after GC invocations=93 (full 1):
 garbage-first heap   total 854016K, used 287765K [0x0000000700000000, 0x0000000800000000)
  region size 2048K, 22 young (45056K), 22 survivors (45056K)
 Metaspace       used 150256K, committed 153088K, reserved 1048576K
  class space    used 19776K, committed 21120K, reserved 851968K
}
Event: 7838.673 GC heap before
{Heap before GC invocations=94 (full 1):
 garbage-first heap   total 854016K, used 642069K [0x0000000700000000, 0x0000000800000000)
  region size 2048K, 195 young (399360K), 22 survivors (45056K)
 Metaspace       used 149015K, committed 151552K, reserved 1048576K
  class space    used 19828K, committed 20992K, reserved 851968K
}
Event: 7839.090 GC heap after
{Heap after GC invocations=95 (full 1):
 garbage-first heap   total 854016K, used 327055K [0x0000000700000000, 0x0000000800000000)
  region size 2048K, 22 young (45056K), 22 survivors (45056K)
 Metaspace       used 149015K, committed 151552K, reserved 1048576K
  class space    used 19828K, committed 20992K, reserved 851968K
}
Event: 7839.105 GC heap before
{Heap before GC invocations=95 (full 1):
 garbage-first heap   total 854016K, used 329103K [0x0000000700000000, 0x0000000800000000)
  region size 2048K, 23 young (47104K), 22 survivors (45056K)
 Metaspace       used 149016K, committed 151552K, reserved 1048576K
  class space    used 19828K, committed 20992K, reserved 851968K
}
Event: 7839.234 GC heap after
{Heap after GC invocations=96 (full 1):
 garbage-first heap   total 854016K, used 331212K [0x0000000700000000, 0x0000000800000000)
  region size 2048K, 3 young (6144K), 3 survivors (6144K)
 Metaspace       used 149016K, committed 151552K, reserved 1048576K
  class space    used 19828K, committed 20992K, reserved 851968K
}
Event: 7849.049 GC heap before
{Heap before GC invocations=96 (full 1):
 garbage-first heap   total 854016K, used 622028K [0x0000000700000000, 0x0000000800000000)
  region size 2048K, 147 young (301056K), 3 survivors (6144K)
 Metaspace       used 157568K, committed 160128K, reserved 1048576K
  class space    used 20888K, committed 22080K, reserved 851968K
}
Event: 7849.085 GC heap after
{Heap after GC invocations=97 (full 1):
 garbage-first heap   total 854016K, used 342066K [0x0000000700000000, 0x0000000800000000)
  region size 2048K, 9 young (18432K), 9 survivors (18432K)
 Metaspace       used 157568K, committed 160128K, reserved 1048576K
  class space    used 20888K, committed 22080K, reserved 851968K
}
Event: 7852.963 GC heap before
{Heap before GC invocations=98 (full 1):
 garbage-first heap   total 854016K, used 651314K [0x0000000700000000, 0x0000000800000000)
  region size 2048K, 161 young (329728K), 9 survivors (18432K)
 Metaspace       used 158108K, committed 160576K, reserved 1048576K
  class space    used 20937K, committed 22080K, reserved 851968K
}
Event: 7853.041 GC heap after
{Heap after GC invocations=99 (full 1):
 garbage-first heap   total 854016K, used 373293K [0x0000000700000000, 0x0000000800000000)
  region size 2048K, 21 young (43008K), 21 survivors (43008K)
 Metaspace       used 158108K, committed 160576K, reserved 1048576K
  class space    used 20937K, committed 22080K, reserved 851968K
}
Event: 7853.064 GC heap before
{Heap before GC invocations=99 (full 1):
 garbage-first heap   total 854016K, used 375341K [0x0000000700000000, 0x0000000800000000)
  region size 2048K, 22 young (45056K), 21 survivors (43008K)
 Metaspace       used 158108K, committed 160640K, reserved 1048576K
  class space    used 20937K, committed 22080K, reserved 851968K
}
Event: 7853.227 GC heap after
{Heap after GC invocations=100 (full 1):
 garbage-first heap   total 854016K, used 377056K [0x0000000700000000, 0x0000000800000000)
  region size 2048K, 3 young (6144K), 3 survivors (6144K)
 Metaspace       used 158108K, committed 160640K, reserved 1048576K
  class space    used 20937K, committed 22080K, reserved 851968K
}
Event: 7855.786 GC heap before
{Heap before GC invocations=100 (full 1):
 garbage-first heap   total 854016K, used 659680K [0x0000000700000000, 0x0000000800000000)
  region size 2048K, 142 young (290816K), 3 survivors (6144K)
 Metaspace       used 158247K, committed 160768K, reserved 1048576K
  class space    used 20937K, committed 22080K, reserved 851968K
}
Event: 7855.804 GC heap after
{Heap after GC invocations=101 (full 1):
 garbage-first heap   total 854016K, used 377598K [0x0000000700000000, 0x0000000800000000)
  region size 2048K, 4 young (8192K), 4 survivors (8192K)
 Metaspace       used 158247K, committed 160768K, reserved 1048576K
  class space    used 20937K, committed 22080K, reserved 851968K
}
Event: 7859.339 GC heap before
{Heap before GC invocations=102 (full 1):
 garbage-first heap   total 854016K, used 674558K [0x0000000700000000, 0x0000000800000000)
  region size 2048K, 150 young (307200K), 4 survivors (8192K)
 Metaspace       used 158319K, committed 160832K, reserved 1048576K
  class space    used 20933K, committed 22080K, reserved 851968K
}
Event: 7859.363 GC heap after
{Heap after GC invocations=103 (full 1):
 garbage-first heap   total 854016K, used 380051K [0x0000000700000000, 0x0000000800000000)
  region size 2048K, 5 young (10240K), 5 survivors (10240K)
 Metaspace       used 158319K, committed 160832K, reserved 1048576K
  class space    used 20933K, committed 22080K, reserved 851968K
}
Event: 7859.665 GC heap before
{Heap before GC invocations=103 (full 1):
 garbage-first heap   total 854016K, used 408723K [0x0000000700000000, 0x0000000800000000)
  region size 2048K, 20 young (40960K), 5 survivors (10240K)
 Metaspace       used 158343K, committed 160832K, reserved 1048576K
  class space    used 20933K, committed 22080K, reserved 851968K
}
Event: 7859.754 GC heap after
{Heap after GC invocations=104 (full 1):
 garbage-first heap   total 854016K, used 380055K [0x0000000700000000, 0x0000000800000000)
  region size 2048K, 3 young (6144K), 3 survivors (6144K)
 Metaspace       used 158343K, committed 160832K, reserved 1048576K
  class space    used 20933K, committed 22080K, reserved 851968K
}
Event: 7862.953 GC heap before
{Heap before GC invocations=104 (full 1):
 garbage-first heap   total 854016K, used 685207K [0x0000000700000000, 0x0000000800000000)
  region size 2048K, 153 young (313344K), 3 survivors (6144K)
 Metaspace       used 158498K, committed 161024K, reserved 1048576K
  class space    used 20951K, committed 22144K, reserved 851968K
}

Dll operation events (16 events):
Event: 0.082 Loaded shared library C:\Program Files\Microsoft\jdk-17.0.15.6-hotspot\bin\java.dll
Event: 0.231 Loaded shared library C:\Program Files\Microsoft\jdk-17.0.15.6-hotspot\bin\jsvml.dll
Event: 0.420 Loaded shared library C:\Program Files\Microsoft\jdk-17.0.15.6-hotspot\bin\zip.dll
Event: 0.428 Loaded shared library C:\Program Files\Microsoft\jdk-17.0.15.6-hotspot\bin\instrument.dll
Event: 0.440 Loaded shared library C:\Program Files\Microsoft\jdk-17.0.15.6-hotspot\bin\net.dll
Event: 0.444 Loaded shared library C:\Program Files\Microsoft\jdk-17.0.15.6-hotspot\bin\nio.dll
Event: 0.451 Loaded shared library C:\Program Files\Microsoft\jdk-17.0.15.6-hotspot\bin\zip.dll
Event: 1.235 Loaded shared library C:\Program Files\Microsoft\jdk-17.0.15.6-hotspot\bin\jimage.dll
Event: 1.862 Loaded shared library C:\Program Files\Microsoft\jdk-17.0.15.6-hotspot\bin\verify.dll
Event: 2.081 Loaded shared library C:\Users\bishw\.gradle\native\1def1411415f61bf3af743bc5b6707747c0891f09f0c88961ee8f79bc544acac\windows-amd64\native-platform.dll
Event: 2.103 Loaded shared library C:\Users\bishw\.gradle\native\0.2.7\x86_64-windows-gnu\gradle-fileevents.dll
Event: 6.213 Loaded shared library C:\Program Files\Microsoft\jdk-17.0.15.6-hotspot\bin\management.dll
Event: 6.221 Loaded shared library C:\Program Files\Microsoft\jdk-17.0.15.6-hotspot\bin\management_ext.dll
Event: 6.670 Loaded shared library C:\Program Files\Microsoft\jdk-17.0.15.6-hotspot\bin\extnet.dll
Event: 7.197 Loaded shared library C:\Program Files\Microsoft\jdk-17.0.15.6-hotspot\bin\sunmscapi.dll
Event: 740.169 Loaded shared library C:\Program Files\Microsoft\jdk-17.0.15.6-hotspot\bin\rmi.dll

Deoptimization events (20 events):
Event: 7862.041 Thread 0x00000217fc5eed20 DEOPT PACKING pc=0x0000021799a246cc sp=0x00000067aa8fe3c0
Event: 7862.041 Thread 0x00000217fc5eed20 DEOPT UNPACKING pc=0x0000021798b069a3 sp=0x00000067aa8fe340 mode 2
Event: 7862.122 Thread 0x00000217fc5e82d0 Uncommon trap: trap_request=0xffffff45 fr.pc=0x000002179a7e5dd8 relative=0x0000000000005ad8
Event: 7862.122 Thread 0x00000217fc5e82d0 Uncommon trap: reason=unstable_if action=reinterpret pc=0x000002179a7e5dd8 method=java.io.ObjectOutputStream.isCustomSubclass()Z @ 12 c2
Event: 7862.122 Thread 0x00000217fc5e82d0 DEOPT PACKING pc=0x000002179a7e5dd8 sp=0x00000067a7ffe5c0
Event: 7862.122 Thread 0x00000217fc5e82d0 DEOPT UNPACKING pc=0x0000021798b069a3 sp=0x00000067a7ffe500 mode 2
Event: 7862.285 Thread 0x00000217fc5e82d0 Uncommon trap: trap_request=0xffffff45 fr.pc=0x000002179a53ec40 relative=0x00000000000016a0
Event: 7862.285 Thread 0x00000217fc5e82d0 Uncommon trap: reason=unstable_if action=reinterpret pc=0x000002179a53ec40 method=org.gradle.internal.remote.internal.inet.SocketConnection$SocketOutputStream.writeWithNonBlockingRetry()I @ 41 c2
Event: 7862.285 Thread 0x00000217fc5e82d0 DEOPT PACKING pc=0x000002179a53ec40 sp=0x00000067a7fff010
Event: 7862.285 Thread 0x00000217fc5e82d0 DEOPT UNPACKING pc=0x0000021798b069a3 sp=0x00000067a7ffedb8 mode 2
Event: 7862.418 Thread 0x00000217fc5f15a0 DEOPT PACKING pc=0x000002179442ad4c sp=0x00000067aa5fbbd0
Event: 7862.418 Thread 0x00000217fc5f15a0 DEOPT UNPACKING pc=0x0000021798b07143 sp=0x00000067aa5fb098 mode 0
Event: 7862.423 Thread 0x00000217fc5f5c80 DEOPT PACKING pc=0x0000021793689e7a sp=0x00000067aaafba80
Event: 7862.424 Thread 0x00000217fc5f5c80 DEOPT UNPACKING pc=0x0000021798b07143 sp=0x00000067aaafaf50 mode 0
Event: 7862.673 Thread 0x00000217fc5f15a0 DEOPT PACKING pc=0x0000021793689e7a sp=0x00000067aa5fb540
Event: 7862.673 Thread 0x00000217fc5f15a0 DEOPT UNPACKING pc=0x0000021798b07143 sp=0x00000067aa5faa10 mode 0
Event: 7862.746 Thread 0x00000217e6765c60 Uncommon trap: trap_request=0xffffff54 fr.pc=0x00000217994973e8 relative=0x0000000000000188
Event: 7862.754 Thread 0x00000217e6765c60 Uncommon trap: reason=speculate_null_assert action=make_not_entrant pc=0x00000217994973e8 method=org.gradle.cache.internal.btree.CachingBlockStore.read(Lorg/gradle/cache/internal/btree/BlockPointer;Ljava/lang/Class;)Lorg/gradle/cache/internal/btree/BlockP
Event: 7862.754 Thread 0x00000217e6765c60 DEOPT PACKING pc=0x00000217994973e8 sp=0x00000067a82fe640
Event: 7862.754 Thread 0x00000217e6765c60 DEOPT UNPACKING pc=0x0000021798b069a3 sp=0x00000067a82fe660 mode 2

Classes loaded (20 events):
Event: 7843.131 Loading class com/sun/org/apache/xerces/internal/dom/CharacterDataImpl
Event: 7843.132 Loading class com/sun/org/apache/xerces/internal/dom/CharacterDataImpl done
Event: 7843.132 Loading class com/sun/org/apache/xerces/internal/dom/TextImpl done
Event: 7843.132 Loading class com/sun/org/apache/xerces/internal/dom/DeferredTextImpl done
Event: 7843.132 Loading class com/sun/org/apache/xerces/internal/dom/CharacterDataImpl$1
Event: 7843.132 Loading class com/sun/org/apache/xerces/internal/dom/CharacterDataImpl$1 done
Event: 7843.132 Loading class com/sun/org/apache/xerces/internal/dom/DeferredCommentImpl
Event: 7843.132 Loading class com/sun/org/apache/xerces/internal/dom/CommentImpl
Event: 7843.132 Loading class org/w3c/dom/Comment
Event: 7843.132 Loading class org/w3c/dom/Comment done
Event: 7843.132 Loading class com/sun/org/apache/xerces/internal/dom/CommentImpl done
Event: 7843.132 Loading class com/sun/org/apache/xerces/internal/dom/DeferredCommentImpl done
Event: 7847.061 Loading class java/util/zip/ZipInputStream
Event: 7847.062 Loading class java/util/zip/ZipInputStream done
Event: 7861.995 Loading class java/lang/Throwable$WrappedPrintWriter
Event: 7861.997 Loading class java/lang/Throwable$PrintStreamOrWriter
Event: 7861.998 Loading class java/lang/Throwable$PrintStreamOrWriter done
Event: 7861.998 Loading class java/lang/Throwable$WrappedPrintWriter done
Event: 7862.146 Loading class java/util/Collections$EmptyListIterator
Event: 7862.153 Loading class java/util/Collections$EmptyListIterator done

Classes unloaded (20 events):
Event: 7829.529 Thread 0x00000217acf3fb50 Unloading class 0x00000217ae1e2000 'java/lang/invoke/LambdaForm$MH+0x00000217ae1e2000'
Event: 7829.529 Thread 0x00000217acf3fb50 Unloading class 0x00000217ae1e1c00 'java/lang/invoke/LambdaForm$MH+0x00000217ae1e1c00'
Event: 7829.529 Thread 0x00000217acf3fb50 Unloading class 0x00000217ae1e1800 'java/lang/invoke/LambdaForm$MH+0x00000217ae1e1800'
Event: 7829.529 Thread 0x00000217acf3fb50 Unloading class 0x00000217ae1e0800 'java/lang/invoke/LambdaForm$MH+0x00000217ae1e0800'
Event: 7829.529 Thread 0x00000217acf3fb50 Unloading class 0x00000217ae1e0400 'java/lang/invoke/LambdaForm$BMH+0x00000217ae1e0400'
Event: 7829.529 Thread 0x00000217acf3fb50 Unloading class 0x00000217ae10c800 'java/lang/invoke/LambdaForm$DMH+0x00000217ae10c800'
Event: 7829.529 Thread 0x00000217acf3fb50 Unloading class 0x00000217ae10c000 'java/lang/invoke/LambdaForm$DMH+0x00000217ae10c000'
Event: 7829.529 Thread 0x00000217acf3fb50 Unloading class 0x00000217ae0e0800 'java/lang/invoke/LambdaForm$MH+0x00000217ae0e0800'
Event: 7829.529 Thread 0x00000217acf3fb50 Unloading class 0x00000217ae0e0000 'java/lang/invoke/LambdaForm$MH+0x00000217ae0e0000'
Event: 7829.529 Thread 0x00000217acf3fb50 Unloading class 0x00000217ae0d9c00 'java/lang/invoke/LambdaForm$MH+0x00000217ae0d9c00'
Event: 7829.529 Thread 0x00000217acf3fb50 Unloading class 0x00000217ae0d9800 'java/lang/invoke/LambdaForm$MH+0x00000217ae0d9800'
Event: 7829.529 Thread 0x00000217acf3fb50 Unloading class 0x00000217ae0d9400 'java/lang/invoke/LambdaForm$MH+0x00000217ae0d9400'
Event: 7829.529 Thread 0x00000217acf3fb50 Unloading class 0x00000217ae03c400 'java/lang/invoke/LambdaForm$DMH+0x00000217ae03c400'
Event: 7829.529 Thread 0x00000217acf3fb50 Unloading class 0x00000217ae036800 'java/lang/invoke/LambdaForm$MH+0x00000217ae036800'
Event: 7829.529 Thread 0x00000217acf3fb50 Unloading class 0x00000217ae036400 'java/lang/invoke/LambdaForm$MH+0x00000217ae036400'
Event: 7829.529 Thread 0x00000217acf3fb50 Unloading class 0x00000217ae034000 'java/lang/invoke/LambdaForm$MH+0x00000217ae034000'
Event: 7856.185 Thread 0x00000217acf3fb50 Unloading class 0x00000217af4507d0 '_BuildScript_$_run_closure1$_closure3'
Event: 7856.185 Thread 0x00000217acf3fb50 Unloading class 0x00000217af4503e8 '_BuildScript_$_run_closure1$_closure2'
Event: 7856.185 Thread 0x00000217acf3fb50 Unloading class 0x00000217af450000 '_BuildScript_$_run_closure1'
Event: 7856.185 Thread 0x00000217acf3fb50 Unloading class 0x00000217af448800 '_BuildScript_'

Classes redefined (0 events):
No events

Internal exceptions (20 events):
Event: 7862.928 Thread 0x00000217e6765c60 Exception <a 'java/io/IOException'{0x0000000721173b38}> (0x0000000721173b38) 
thrown [s\src\hotspot\share\prims\jni.cpp, line 516]
Event: 7862.928 Thread 0x00000217e6765c60 Exception <a 'java/io/IOException'{0x0000000721174138}> (0x0000000721174138) 
thrown [s\src\hotspot\share\prims\jni.cpp, line 516]
Event: 7862.934 Thread 0x00000217e6765c60 Exception <a 'java/io/IOException'{0x00000007211747d8}> (0x00000007211747d8) 
thrown [s\src\hotspot\share\prims\jni.cpp, line 516]
Event: 7862.934 Thread 0x00000217e6765c60 Exception <a 'java/io/IOException'{0x0000000721174dd8}> (0x0000000721174dd8) 
thrown [s\src\hotspot\share\prims\jni.cpp, line 516]
Event: 7862.934 Thread 0x00000217e6765c60 Exception <a 'java/io/IOException'{0x0000000721175470}> (0x0000000721175470) 
thrown [s\src\hotspot\share\prims\jni.cpp, line 516]
Event: 7862.934 Thread 0x00000217e6765c60 Exception <a 'java/io/IOException'{0x00000007211dd950}> (0x00000007211dd950) 
thrown [s\src\hotspot\share\prims\jni.cpp, line 516]
Event: 7862.934 Thread 0x00000217e6765c60 Exception <a 'java/io/IOException'{0x00000007211ddff0}> (0x00000007211ddff0) 
thrown [s\src\hotspot\share\prims\jni.cpp, line 516]
Event: 7862.935 Thread 0x00000217e6765c60 Exception <a 'java/io/IOException'{0x00000007211de5f0}> (0x00000007211de5f0) 
thrown [s\src\hotspot\share\prims\jni.cpp, line 516]
Event: 7862.935 Thread 0x00000217e6765c60 Exception <a 'java/io/IOException'{0x00000007211dec90}> (0x00000007211dec90) 
thrown [s\src\hotspot\share\prims\jni.cpp, line 516]
Event: 7862.935 Thread 0x00000217e6765c60 Exception <a 'java/io/IOException'{0x00000007211df290}> (0x00000007211df290) 
thrown [s\src\hotspot\share\prims\jni.cpp, line 516]
Event: 7862.935 Thread 0x00000217e6765c60 Exception <a 'java/io/IOException'{0x00000007211df930}> (0x00000007211df930) 
thrown [s\src\hotspot\share\prims\jni.cpp, line 516]
Event: 7862.935 Thread 0x00000217e6765c60 Exception <a 'java/io/IOException'{0x00000007211dff30}> (0x00000007211dff30) 
thrown [s\src\hotspot\share\prims\jni.cpp, line 516]
Event: 7862.935 Thread 0x00000217e6765c60 Exception <a 'java/io/IOException'{0x00000007211e05c8}> (0x00000007211e05c8) 
thrown [s\src\hotspot\share\prims\jni.cpp, line 516]
Event: 7862.935 Thread 0x00000217e6765c60 Exception <a 'java/io/IOException'{0x00000007211e0bc8}> (0x00000007211e0bc8) 
thrown [s\src\hotspot\share\prims\jni.cpp, line 516]
Event: 7862.935 Thread 0x00000217e6765c60 Exception <a 'java/io/IOException'{0x00000007211e1260}> (0x00000007211e1260) 
thrown [s\src\hotspot\share\prims\jni.cpp, line 516]
Event: 7862.935 Thread 0x00000217e6765c60 Exception <a 'java/io/IOException'{0x00000007211e1860}> (0x00000007211e1860) 
thrown [s\src\hotspot\share\prims\jni.cpp, line 516]
Event: 7862.935 Thread 0x00000217e6765c60 Exception <a 'java/io/IOException'{0x00000007211e1ef8}> (0x00000007211e1ef8) 
thrown [s\src\hotspot\share\prims\jni.cpp, line 516]
Event: 7862.936 Thread 0x00000217e6765c60 Exception <a 'java/io/IOException'{0x00000007211e24f8}> (0x00000007211e24f8) 
thrown [s\src\hotspot\share\prims\jni.cpp, line 516]
Event: 7862.936 Thread 0x00000217e6765c60 Exception <a 'java/io/IOException'{0x00000007211e2b80}> (0x00000007211e2b80) 
thrown [s\src\hotspot\share\prims\jni.cpp, line 516]
Event: 7862.936 Thread 0x00000217e6765c60 Exception <a 'java/io/IOException'{0x00000007211e3180}> (0x00000007211e3180) 
thrown [s\src\hotspot\share\prims\jni.cpp, line 516]

VM Operations (20 events):
Event: 7856.605 Executing VM operation: G1PauseCleanup done
Event: 7856.741 Executing VM operation: HandshakeAllThreads
Event: 7856.752 Executing VM operation: HandshakeAllThreads done
Event: 7857.753 Executing VM operation: Cleanup
Event: 7857.754 Executing VM operation: Cleanup done
Event: 7858.756 Executing VM operation: Cleanup
Event: 7858.777 Executing VM operation: Cleanup done
Event: 7859.080 Executing VM operation: HandshakeAllThreads
Event: 7859.096 Executing VM operation: HandshakeAllThreads done
Event: 7859.336 Executing VM operation: G1CollectForAllocation
Event: 7859.363 Executing VM operation: G1CollectForAllocation done
Event: 7859.664 Executing VM operation: G1CollectForAllocation
Event: 7859.754 Executing VM operation: G1CollectForAllocation done
Event: 7860.759 Executing VM operation: Cleanup
Event: 7860.766 Executing VM operation: Cleanup done
Event: 7861.775 Executing VM operation: Cleanup
Event: 7861.775 Executing VM operation: Cleanup done
Event: 7862.788 Executing VM operation: Cleanup
Event: 7862.804 Executing VM operation: Cleanup done
Event: 7862.936 Executing VM operation: G1CollectForAllocation

Memory protections (0 events):
No events

Nmethod flushes (20 events):
Event: 7859.171 Thread 0x00000217acf6ab40 flushing  nmethod 0x000002179445aa10
Event: 7859.171 Thread 0x00000217acf6ab40 flushing  nmethod 0x000002179448ae10
Event: 7859.171 Thread 0x00000217acf6ab40 flushing  nmethod 0x000002179448ba90
Event: 7859.171 Thread 0x00000217acf6ab40 flushing  nmethod 0x000002179448c790
Event: 7859.171 Thread 0x00000217acf6ab40 flushing  nmethod 0x0000021794490d90
Event: 7859.171 Thread 0x00000217acf6ab40 flushing  nmethod 0x0000021794498110
Event: 7859.171 Thread 0x00000217acf6ab40 flushing  nmethod 0x0000021794499a10
Event: 7859.171 Thread 0x00000217acf6ab40 flushing  nmethod 0x0000021794499f10
Event: 7859.171 Thread 0x00000217acf6ab40 flushing  nmethod 0x000002179449db10
Event: 7859.171 Thread 0x00000217acf6ab40 flushing  nmethod 0x00000217944d0f10
Event: 7859.171 Thread 0x00000217acf6ab40 flushing  nmethod 0x00000217944dbe90
Event: 7859.171 Thread 0x00000217acf6ab40 flushing  nmethod 0x000002179451aa90
Event: 7859.171 Thread 0x00000217acf6ab40 flushing  nmethod 0x000002179451ef10
Event: 7859.171 Thread 0x00000217acf6ab40 flushing  nmethod 0x0000021794526410
Event: 7859.171 Thread 0x00000217acf6ab40 flushing  nmethod 0x0000021794530190
Event: 7859.171 Thread 0x00000217acf6ab40 flushing  nmethod 0x0000021794534110
Event: 7859.171 Thread 0x00000217acf6ab40 flushing  nmethod 0x0000021794534a10
Event: 7859.171 Thread 0x00000217acf6ab40 flushing  nmethod 0x0000021794536810
Event: 7859.171 Thread 0x00000217acf6ab40 flushing  nmethod 0x000002179453ee90
Event: 7859.171 Thread 0x00000217acf6ab40 flushing  nmethod 0x000002179453f210

Events (20 events):
Event: 7821.335 Thread 0x00000217fc5e8cf0 Thread added: 0x00000217ec4ceb80
Event: 7821.336 Thread 0x00000217fc5e8cf0 Thread added: 0x00000217ec4cf090
Event: 7821.337 Thread 0x00000217fc5e8cf0 Thread added: 0x00000217ec4cf5a0
Event: 7821.337 Thread 0x00000217fc5e8cf0 Thread added: 0x00000217ec4cfab0
Event: 7821.339 Thread 0x00000217fc5e8cf0 Thread added: 0x00000217ec4cffc0
Event: 7821.339 Thread 0x00000217fc5e8cf0 Thread added: 0x00000217ec4d04d0
Event: 7822.053 Thread 0x00000217fc5e8cf0 Thread added: 0x00000217ec4d09e0
Event: 7822.057 Thread 0x00000217fc5e8cf0 Thread added: 0x00000217e6d67d50
Event: 7831.170 Thread 0x00000217acf68b50 Thread added: 0x00000217ec46af40
Event: 7831.663 Thread 0x00000217ec46af40 Thread exited: 0x00000217ec46af40
Event: 7834.801 Thread 0x00000217acf68b50 Thread added: 0x00000217ec46bf30
Event: 7834.838 Thread 0x00000217acf68b50 Thread added: 0x00000217ec469a00
Event: 7836.290 Thread 0x00000217ec469a00 Thread exited: 0x00000217ec469a00
Event: 7836.306 Thread 0x00000217ec46bf30 Thread exited: 0x00000217ec46bf30
Event: 7847.082 Thread 0x00000217acf68b50 Thread added: 0x00000217e8a6a990
Event: 7849.661 Thread 0x00000217e8a6a990 Thread exited: 0x00000217e8a6a990
Event: 7849.810 Thread 0x00000217acf68b50 Thread added: 0x00000217ecc04c70
Event: 7851.257 Thread 0x00000217ecc04c70 Thread exited: 0x00000217ecc04c70
Event: 7851.551 Thread 0x00000217acf68b50 Thread added: 0x00000217ecc08190
Event: 7862.022 Thread 0x00000217ecc08190 Thread exited: 0x00000217ecc08190


Dynamic libraries:
0x00007ff7c9e00000 - 0x00007ff7c9e0e000 	C:\Program Files\Microsoft\jdk-17.0.15.6-hotspot\bin\java.exe
0x00007ff9f3100000 - 0x00007ff9f3366000 	C:\Windows\SYSTEM32\ntdll.dll
0x00007ff9f18e0000 - 0x00007ff9f19a9000 	C:\Windows\System32\KERNEL32.DLL
0x00007ff9f0570000 - 0x00007ff9f096f000 	C:\Windows\System32\KERNELBASE.dll
0x00007ff9f0a10000 - 0x00007ff9f0b5c000 	C:\Windows\System32\ucrtbase.dll
0x00007ff9e3970000 - 0x00007ff9e3987000 	C:\Program Files\Microsoft\jdk-17.0.15.6-hotspot\bin\jli.dll
0x00007ff9e3810000 - 0x00007ff9e382d000 	C:\Program Files\Microsoft\jdk-17.0.15.6-hotspot\bin\VCRUNTIME140.dll
0x00007ff9f2970000 - 0x00007ff9f2b36000 	C:\Windows\System32\USER32.dll
0x00007ff9cd960000 - 0x00007ff9cdbf1000 	C:\Windows\WinSxS\amd64_microsoft.windows.common-controls_6595b64144ccf1df_6.0.26100.8972_none_3e0da176e32f9d4b\COMCTL32.dll
0x00007ff9f0540000 - 0x00007ff9f0567000 	C:\Windows\System32\win32u.dll
0x00007ff9f2520000 - 0x00007ff9f25c9000 	C:\Windows\System32\msvcrt.dll
0x00007ff9f2740000 - 0x00007ff9f276b000 	C:\Windows\System32\GDI32.dll
0x00007ff9f0b70000 - 0x00007ff9f0c99000 	C:\Windows\System32\gdi32full.dll
0x00007ff9f03d0000 - 0x00007ff9f0473000 	C:\Windows\System32\msvcp_win.dll
0x00007ff9f17d0000 - 0x00007ff9f1802000 	C:\Windows\System32\IMM32.DLL
0x00007ff9e82c0000 - 0x00007ff9e82cc000 	C:\Program Files\Microsoft\jdk-17.0.15.6-hotspot\bin\vcruntime140_1.dll
0x00007ff9e3780000 - 0x00007ff9e380d000 	C:\Program Files\Microsoft\jdk-17.0.15.6-hotspot\bin\msvcp140.dll
0x00007ff96ee10000 - 0x00007ff96fa82000 	C:\Program Files\Microsoft\jdk-17.0.15.6-hotspot\bin\server\jvm.dll
0x00007ff9f1810000 - 0x00007ff9f18cc000 	C:\Windows\System32\ADVAPI32.dll
0x00007ff9f2470000 - 0x00007ff9f251a000 	C:\Windows\System32\sechost.dll
0x00007ff9f2350000 - 0x00007ff9f2468000 	C:\Windows\System32\RPCRT4.dll
0x00007ff9f14f0000 - 0x00007ff9f1572000 	C:\Windows\System32\WS2_32.dll
0x00007ff9efa50000 - 0x00007ff9efaae000 	C:\Windows\SYSTEM32\POWRPROF.dll
0x00007ff9e3830000 - 0x00007ff9e383b000 	C:\Windows\SYSTEM32\VERSION.dll
0x00007ff9da770000 - 0x00007ff9da7a6000 	C:\Windows\SYSTEM32\WINMM.dll
0x00007ff9efa30000 - 0x00007ff9efa45000 	C:\Windows\SYSTEM32\UMPDC.dll
0x00007ff9ef000000 - 0x00007ff9ef01b000 	C:\Windows\SYSTEM32\kernel.appcore.dll
0x00007ff9e4f10000 - 0x00007ff9e4f1a000 	C:\Program Files\Microsoft\jdk-17.0.15.6-hotspot\bin\jimage.dll
0x00007ff9ed870000 - 0x00007ff9edab2000 	C:\Windows\SYSTEM32\DBGHELP.DLL
0x00007ff9f2b40000 - 0x00007ff9f2ec5000 	C:\Windows\System32\combase.dll
0x00007ff9f2660000 - 0x00007ff9f2739000 	C:\Windows\System32\OLEAUT32.dll
0x00007ff9bef80000 - 0x00007ff9befbb000 	C:\Windows\SYSTEM32\dbgcore.DLL
0x00007ff9f0310000 - 0x00007ff9f03bc000 	C:\Windows\System32\bcryptPrimitives.dll
0x00007ff9ca920000 - 0x00007ff9ca92e000 	C:\Program Files\Microsoft\jdk-17.0.15.6-hotspot\bin\instrument.dll
0x00007ff9d72f0000 - 0x00007ff9d7315000 	C:\Program Files\Microsoft\jdk-17.0.15.6-hotspot\bin\java.dll
0x00007ff9cb360000 - 0x00007ff9cb436000 	C:\Program Files\Microsoft\jdk-17.0.15.6-hotspot\bin\jsvml.dll
0x00007ff9f1bc0000 - 0x00007ff9f2348000 	C:\Windows\System32\SHELL32.dll
0x00007ff9edd90000 - 0x00007ff9ee62b000 	C:\Windows\SYSTEM32\windows.storage.dll
0x00007ff9f1580000 - 0x00007ff9f1679000 	C:\Windows\System32\SHCORE.dll
0x00007ff9f1b50000 - 0x00007ff9f1bb6000 	C:\Windows\System32\shlwapi.dll
0x00007ff9f0230000 - 0x00007ff9f0259000 	C:\Windows\SYSTEM32\profapi.dll
0x00007ff9cd3f0000 - 0x00007ff9cd408000 	C:\Program Files\Microsoft\jdk-17.0.15.6-hotspot\bin\zip.dll
0x00007ff9d72d0000 - 0x00007ff9d72ea000 	C:\Program Files\Microsoft\jdk-17.0.15.6-hotspot\bin\net.dll
0x00007ff9e4dc0000 - 0x00007ff9e4ee8000 	C:\Windows\SYSTEM32\WINHTTP.dll
0x00007ff9ef620000 - 0x00007ff9ef68c000 	C:\Windows\system32\mswsock.dll
0x00007ff9cd3b0000 - 0x00007ff9cd3c6000 	C:\Program Files\Microsoft\jdk-17.0.15.6-hotspot\bin\nio.dll
0x00007ff9e44a0000 - 0x00007ff9e44b0000 	C:\Program Files\Microsoft\jdk-17.0.15.6-hotspot\bin\verify.dll
0x00007ff9e3710000 - 0x00007ff9e3737000 	C:\Users\bishw\.gradle\native\1def1411415f61bf3af743bc5b6707747c0891f09f0c88961ee8f79bc544acac\windows-amd64\native-platform.dll
0x00007ff99e750000 - 0x00007ff99e7c8000 	C:\Users\bishw\.gradle\native\0.2.7\x86_64-windows-gnu\gradle-fileevents.dll
0x00007ff9cf200000 - 0x00007ff9cf20a000 	C:\Program Files\Microsoft\jdk-17.0.15.6-hotspot\bin\management.dll
0x00007ff9cd440000 - 0x00007ff9cd44b000 	C:\Program Files\Microsoft\jdk-17.0.15.6-hotspot\bin\management_ext.dll
0x00007ff9f2770000 - 0x00007ff9f2778000 	C:\Windows\System32\PSAPI.DLL
0x00007ff9ee990000 - 0x00007ff9ee9c3000 	C:\Windows\SYSTEM32\IPHLPAPI.DLL
0x00007ff9f14e0000 - 0x00007ff9f14ea000 	C:\Windows\System32\NSI.dll
0x00007ff9e4fd0000 - 0x00007ff9e4fed000 	C:\Windows\SYSTEM32\dhcpcsvc6.DLL
0x00007ff9e4d90000 - 0x00007ff9e4db5000 	C:\Windows\SYSTEM32\dhcpcsvc.DLL
0x00007ff9ee9d0000 - 0x00007ff9eeb28000 	C:\Windows\SYSTEM32\DNSAPI.dll
0x00007ff9ef400000 - 0x00007ff9ef40d000 	C:\Windows\SYSTEM32\DSPARSE.dll
0x00007ff9e87d0000 - 0x00007ff9e87d9000 	C:\Program Files\Microsoft\jdk-17.0.15.6-hotspot\bin\extnet.dll
0x00007ff9ef930000 - 0x00007ff9ef94b000 	C:\Windows\SYSTEM32\CRYPTSP.dll
0x00007ff9eef60000 - 0x00007ff9eef99000 	C:\Windows\system32\rsaenh.dll
0x00007ff9ef6d0000 - 0x00007ff9ef702000 	C:\Windows\SYSTEM32\USERENV.dll
0x00007ff9f0200000 - 0x00007ff9f022a000 	C:\Windows\SYSTEM32\bcrypt.dll
0x00007ff9ef950000 - 0x00007ff9ef95c000 	C:\Windows\SYSTEM32\CRYPTBASE.dll
0x00007ff9e8390000 - 0x00007ff9e839e000 	C:\Program Files\Microsoft\jdk-17.0.15.6-hotspot\bin\sunmscapi.dll
0x00007ff9f0ca0000 - 0x00007ff9f0e1e000 	C:\Windows\System32\CRYPT32.dll
0x00007ff9efc00000 - 0x00007ff9efc30000 	C:\Windows\SYSTEM32\ncrypt.dll
0x00007ff9efbb0000 - 0x00007ff9efbef000 	C:\Windows\SYSTEM32\NTASN1.dll
0x00007ff9e5870000 - 0x00007ff9e5878000 	C:\Windows\system32\wshunix.dll
0x00007ff9ef130000 - 0x00007ff9ef166000 	C:\Windows\SYSTEM32\ntmarta.dll
0x00007ff9e3740000 - 0x00007ff9e3747000 	C:\Program Files\Microsoft\jdk-17.0.15.6-hotspot\bin\rmi.dll
0x00007ff9e5790000 - 0x00007ff9e579b000 	C:\Windows\System32\rasadhlp.dll
0x00007ff9e5660000 - 0x00007ff9e56e6000 	C:\Windows\System32\fwpuclnt.dll

dbghelp: loaded successfully - version: 4.0.5 - missing functions: none
symbol engine: initialized successfully - sym options: 0x614 - pdb path: .;C:\Program Files\Microsoft\jdk-17.0.15.6-hotspot\bin;C:\Windows\SYSTEM32;C:\Windows\WinSxS\amd64_microsoft.windows.common-controls_6595b64144ccf1df_6.0.26100.8972_none_3e0da176e32f9d4b;C:\Program Files\Microsoft\jdk-17.0.15.6-hotspot\bin\server;C:\Users\bishw\.gradle\native\1def1411415f61bf3af743bc5b6707747c0891f09f0c88961ee8f79bc544acac\windows-amd64;C:\Users\bishw\.gradle\native\0.2.7\x86_64-windows-gnu

VM Arguments:
jvm_args: --add-opens=java.base/java.lang=ALL-UNNAMED --add-opens=java.base/java.lang.invoke=ALL-UNNAMED --add-opens=java.base/java.util=ALL-UNNAMED --add-opens=java.prefs/java.util.prefs=ALL-UNNAMED --add-exports=jdk.compiler/com.sun.tools.javac.api=ALL-UNNAMED --add-exports=jdk.compiler/com.sun.tools.javac.util=ALL-UNNAMED --add-opens=java.base/java.util=ALL-UNNAMED --add-opens=java.prefs/java.util.prefs=ALL-UNNAMED --add-opens=java.base/java.nio.charset=ALL-UNNAMED --add-opens=java.base/java.net=ALL-UNNAMED --add-opens=java.base/java.util.concurrent.atomic=ALL-UNNAMED --add-opens=java.xml/javax.xml.namespace=ALL-UNNAMED -XX:MaxMetaspaceSize=1024m -XX:+HeapDumpOnOutOfMemoryError -Xmx4096m -Dfile.encoding=UTF-8 -Duser.country=US -Duser.language=en -Duser.variant -javaagent:C:\Users\bishw\.gradle\wrapper\dists\gradle-8.13-bin\5xuhj0ry160q40clulazy9h7d\gradle-8.13\lib\agents\gradle-instrumentation-agent-8.13.jar 
java_command: org.gradle.launcher.daemon.bootstrap.GradleDaemon 8.13
java_class_path (initial): C:\Users\bishw\.gradle\wrapper\dists\gradle-8.13-bin\5xuhj0ry160q40clulazy9h7d\gradle-8.13\lib\gradle-daemon-main-8.13.jar
Launcher Type: SUN_STANDARD

[Global flags]
     intx CICompilerCount                          = 4                                         {product} {ergonomic}
   size_t CompressedClassSpaceSize                 = 872415232                                 {product} {ergonomic}
     uint ConcGCThreads                            = 3                                         {product} {ergonomic}
     uint G1ConcRefinementThreads                  = 10                                        {product} {ergonomic}
   size_t G1HeapRegionSize                         = 2097152                                   {product} {ergonomic}
    uintx GCDrainStackTargetSize                   = 64                                        {product} {ergonomic}
     bool HeapDumpOnOutOfMemoryError               = true                                   {manageable} {command line}
   size_t InitialHeapSize                          = 130023424                                 {product} {ergonomic}
   size_t MarkStackSize                            = 4194304                                   {product} {ergonomic}
   size_t MaxHeapSize                              = 4294967296                                {product} {command line}
   size_t MaxMetaspaceSize                         = 1073741824                                {product} {command line}
   size_t MaxNewSize                               = 2575302656                                {product} {ergonomic}
   size_t MinHeapDeltaBytes                        = 2097152                                   {product} {ergonomic}
   size_t MinHeapSize                              = 8388608                                   {product} {ergonomic}
    uintx NonNMethodCodeHeapSize                   = 5839372                                {pd product} {ergonomic}
    uintx NonProfiledCodeHeapSize                  = 122909434                              {pd product} {ergonomic}
    uintx ProfiledCodeHeapSize                     = 122909434                              {pd product} {ergonomic}
    uintx ReservedCodeCacheSize                    = 251658240                              {pd product} {ergonomic}
     bool SegmentedCodeCache                       = true                                      {product} {ergonomic}
   size_t SoftMaxHeapSize                          = 4294967296                             {manageable} {ergonomic}
     bool UseCompressedClassPointers               = true                           {product lp64_product} {ergonomic}
     bool UseCompressedOops                        = true                           {product lp64_product} {ergonomic}
     bool UseG1GC                                  = true                                      {product} {ergonomic}
     bool UseLargePagesIndividualAllocation        = false                                  {pd product} {ergonomic}

Logging:
Log output configuration:
 #0: stdout all=warning uptime,level,tags
 #1: stderr all=off uptime,level,tags

Environment Variables:
JAVA_HOME=C:\Program Files\Microsoft\jdk-17.0.15.6-hotspot\
PATH=D:\BhojanQRMobile\node_modules\.bin;D:\node_modules\.bin;C:\Program Files\nodejs\node_modules\npm\node_modules\@npmcli\run-script\lib\node-gyp-bin;C:\Program Files\Microsoft\jdk-17.0.15.6-hotspot\bin;C:\Python313\Scripts\;C:\Python313\;C:\Windows\system32;C:\Windows;C:\Windows\System32\Wbem;C:\Windows\System32\WindowsPowerShell\v1.0\;C:\Windows\System32\OpenSSH\;C:\Program Files\nodejs\;C:\ProgramData\chocolatey\bin;C:\Program Files\Git\cmd;C:\Users\bishw\AppData\Local\Microsoft\WindowsApps;C:\Users\bishw\AppData\Roaming\npm;C:\Users\bishw\AppData\Local\Programs\Microsoft VS Code\bin;%ANDROID_HOME%\platform-tools;%ANDROID_HOME%\emulator;%ANDROID_HOME%\cmdline-tools\latest\bin;C:\Users\bishw\AppData\Local\Android\Sdk\platform-tools;C:\MinGW\bin;C:\Program Files\Microsoft VS Code\bin;C:\Program Files\Memurai\;C:\Program Files (x86)\Windows Kits\10\Windows Performance Toolkit\;C:\Program Files\GitHub CLI\;C:\Users\bishw\AppData\Local\Programs\Python\Python310\Scripts\;C:\Users\bishw\AppData\Local\Programs\Python\Python310\;D:\conda;D:\conda\Library\mingw-w64\bin;D:\conda\Library\usr\bin;D:\conda\Library\bin;D:\conda\Scripts;C:\Users\bishw\AppData\Local\Programs\Python\Python311\Scripts\;C:\Users\bishw\AppData\Local\Programs\Python\Python311\;C:\Program Files\MySQL\MySQL Shell 8.0\bin\;C:\Users\bishw\AppData\Local\Microsoft\WindowsApps;C:\Users\bishw\AppData\Roaming\npm;C:\Users\bishw\AppData\Local\Programs\Antigravity\bin
USERNAME=bishw
OS=Windows_NT
PROCESSOR_IDENTIFIER=Intel64 Family 6 Model 154 Stepping 3, GenuineIntel
TMP=C:\Users\bishw\AppData\Local\Temp
TEMP=C:\Users\bishw\AppData\Local\Temp



Periodic native trim disabled


---------------  S Y S T E M  ---------------

OS:
 Windows 11 , 64 bit Build 26100 (10.0.26100.9168)
OS uptime: 0 days 11:58 hours
Hyper-V role detected

CPU: total 12 (initial active 12) (6 cores per cpu, 2 threads per core) family 6 model 154 stepping 3 microcode 0x434, cx8, cmov, fxsr, ht, mmx, 3dnowpref, sse, sse2, sse3, ssse3, sse4.1, sse4.2, popcnt, lzcnt, tsc, tscinvbit, avx, avx2, aes, erms, clmul, bmi1, bmi2, adx, sha, fma, vzeroupper, clflush, clflushopt, clwb, hv
Processor Information for the first 12 processors :
  Max Mhz: 2000, Current Mhz: 2000, Mhz Limit: 2000

Memory: 4k page, system-wide physical 7832M (288M free)
TotalPageFile size 26657M (AvailPageFile size 4M)
current process WorkingSet (physical memory assigned to process): 1016M, peak: 1152M
current process commit charge ("private bytes"): 2763M, peak: 2766M

vm_info: OpenJDK 64-Bit Server VM (17.0.15+6-LTS) for windows-amd64 JRE (17.0.15+6-LTS), built on Apr  9 2025 22:27:25 by "MicrosoftCorporation" with unknown MS VC++:1939

END.
